ProductID,ProductName,Category,CostPrice,SellingPrice
P00001,Product 1,Furniture,414.33,591.9
P00002,Product 2,Furniture,215.19,307.42
P00003,Product 3,Grocery,222.87,318.39
P00004,Product 4,Clothing,1322.4,1889.15
P00005,Product 5,Furniture,177.38,253.4
P00006,Product 6,Clothing,881.26,1258.94
P00007,Product 7,Clothing,837.77,1196.82
P00008,Product 8,Electronics,287.46,410.66
P00009,Product 9,Grocery,537.59,767.98
P00010,Product 10,Clothing,562.68,803.83
P00011,Product 11,Furniture,1258.84,1798.34
P00012,Product 12,Clothing,1045.24,1493.2
P00013,Product 13,Grocery,442.9,632.71
P00014,Product 14,Clothing,43.57,62.24
P00015,Product 15,Electronics,510.55,729.36
P00016,Product 16,Clothing,1033.44,1476.35
P00017,Product 17,Electronics,1191.33,1701.9
P00018,Product 18,Electronics,233.72,333.89
P00019,Product 19,Grocery,635.8,908.28
P00020,Product 20,Grocery,1130.8,1615.43
P00021,Product 21,Furniture,1074.54,1535.06
P00022,Product 22,Furniture,42.41,60.58
P00023,Product 23,Clothing,149.52,213.6
P00024,Product 24,Grocery,1329.4,1899.15
P00025,Product 25,Electronics,988.18,1411.68
P00026,Product 26,Electronics,1201.76,1716.8
P00027,Product 27,Grocery,675.84,965.48
P00028,Product 28,Clothing,706.71,1009.58
P00029,Product 29,Clothing,262.67,375.24
P00030,Product 30,Electronics,967.92,1382.75
P00031,Product 31,Electronics,941.45,1344.93
P00032,Product 32,Electronics,189.71,271.01
P00033,Product 33,Grocery,820.12,1171.6
P00034,Product 34,Clothing,173.87,248.38
P00035,Product 35,Clothing,938.13,1340.19
P00036,Product 36,Furniture,701.96,1002.8
P00037,Product 37,Electronics,705.8,1008.29
P00038,Product 38,Clothing,119.01,170.02
P00039,Product 39,Furniture,776.66,1109.51
P00040,Product 40,Grocery,823.93,1177.04
P00041,Product 41,Furniture,1061.59,1516.56
P00042,Product 42,Clothing,647.4,924.86
P00043,Product 43,Electronics,1365.05,1950.07
P00044,Product 44,Clothing,1273.97,1819.96
P00045,Product 45,Grocery,105.22,150.31
P00046,Product 46,Furniture,36.61,52.3
P00047,Product 47,Electronics,1008.18,1440.26
P00048,Product 48,Grocery,200.07,285.81
P00049,Product 49,Clothing,992.03,1417.19
P00050,Product 50,Grocery,834.73,1192.47
P00051,Product 51,Furniture,1183.55,1690.78
P00052,Product 52,Electronics,41.05,58.64
P00053,Product 53,Electronics,1275.39,1821.99
P00054,Product 54,Electronics,516.55,737.93
P00055,Product 55,Electronics,1051.51,1502.16
P00056,Product 56,Furniture,599.19,855.98
P00057,Product 57,Grocery,1149.72,1642.46
P00058,Product 58,Furniture,1159.25,1656.07
P00059,Product 59,Grocery,416.67,595.25
P00060,Product 60,Grocery,639.51,913.58
P00061,Product 61,Furniture,267.94,382.77
P00062,Product 62,Grocery,1093.51,1562.16
P00063,Product 63,Grocery,386.51,552.16
P00064,Product 64,Grocery,702.09,1002.99
P00065,Product 65,Grocery,1050.97,1501.39
P00066,Product 66,Clothing,696.83,995.47
P00067,Product 67,Furniture,269.64,385.2
P00068,Product 68,Grocery,1045.78,1493.97
P00069,Product 69,Clothing,1362.31,1946.15
P00070,Product 70,Electronics,919.37,1313.38
P00071,Product 71,Grocery,1190.49,1700.7
P00072,Product 72,Clothing,733.05,1047.21
P00073,Product 73,Electronics,1210.25,1728.93
P00074,Product 74,Furniture,397.82,568.32
P00075,Product 75,Furniture,1067.94,1525.63
P00076,Product 76,Electronics,927.2,1324.57
P00077,Product 77,Grocery,624.54,892.2
P00078,Product 78,Furniture,1250.78,1786.83
P00079,Product 79,Clothing,164.55,235.07
P00080,Product 80,Clothing,301.98,431.4
P00081,Product 81,Clothing,730.39,1043.42
P00082,Product 82,Electronics,673.88,962.68
P00083,Product 83,Clothing,965.22,1378.89
P00084,Product 84,Clothing,598.3,854.71
P00085,Product 85,Furniture,44.7,63.86
P00086,Product 86,Electronics,842.77,1203.96
P00087,Product 87,Grocery,211.14,301.63
P00088,Product 88,Furniture,1101.03,1572.9
P00089,Product 89,Grocery,321.28,458.97
P00090,Product 90,Grocery,551.31,787.58
P00091,Product 91,Clothing,493.06,704.37
P00092,Product 92,Electronics,75.77,108.24
P00093,Product 93,Clothing,562.7,803.86
P00094,Product 94,Furniture,1161.94,1659.92
P00095,Product 95,Electronics,1125.47,1607.81
P00096,Product 96,Electronics,179.82,256.89
P00097,Product 97,Grocery,48.95,69.93
P00098,Product 98,Electronics,588.47,840.67
P00099,Product 99,Clothing,135.84,194.05
P00100,Product 100,Grocery,446.73,638.18
P00101,Product 101,Grocery,699.26,998.94
P00102,Product 102,Clothing,1054.44,1506.35
P00103,Product 103,Clothing,723.29,1033.27
P00104,Product 104,Clothing,1234.2,1763.14
P00105,Product 105,Furniture,358.67,512.38
P00106,Product 106,Furniture,803.41,1147.73
P00107,Product 107,Clothing,505.5,722.15
P00108,Product 108,Grocery,803.56,1147.95
P00109,Product 109,Grocery,577.93,825.62
P00110,Product 110,Electronics,888.24,1268.92
P00111,Product 111,Electronics,1323.01,1890.02
P00112,Product 112,Electronics,1132.87,1618.39
P00113,Product 113,Grocery,817.96,1168.51
P00114,Product 114,Clothing,1144.96,1635.66
P00115,Product 115,Furniture,409.1,584.43
P00116,Product 116,Grocery,1118.98,1598.55
P00117,Product 117,Grocery,1156.53,1652.18
P00118,Product 118,Clothing,1258.14,1797.34
P00119,Product 119,Clothing,423.02,604.31
P00120,Product 120,Furniture,674.15,963.07
P00121,Product 121,Grocery,61.22,87.46
P00122,Product 122,Grocery,850.63,1215.19
P00123,Product 123,Grocery,1381.89,1974.13
P00124,Product 124,Grocery,1080.72,1543.88
P00125,Product 125,Clothing,1259.56,1799.37
P00126,Product 126,Grocery,885.06,1264.37
P00127,Product 127,Furniture,613.79,876.85
P00128,Product 128,Grocery,953.13,1361.62
P00129,Product 129,Furniture,163.98,234.26
P00130,Product 130,Clothing,154.36,220.52
P00131,Product 131,Clothing,796.96,1138.51
P00132,Product 132,Clothing,578.1,825.85
P00133,Product 133,Electronics,216.12,308.75
P00134,Product 134,Electronics,1049.45,1499.22
P00135,Product 135,Electronics,329.53,470.76
P00136,Product 136,Grocery,300.36,429.08
P00137,Product 137,Grocery,1139.28,1627.54
P00138,Product 138,Furniture,41.18,58.83
P00139,Product 139,Grocery,1266.21,1808.87
P00140,Product 140,Grocery,1169.33,1670.47
P00141,Product 141,Furniture,1015.16,1450.23
P00142,Product 142,Grocery,947.39,1353.42
P00143,Product 143,Grocery,1242.43,1774.9
P00144,Product 144,Furniture,626.09,894.41
P00145,Product 145,Furniture,168.65,240.93
P00146,Product 146,Grocery,680.47,972.1
P00147,Product 147,Grocery,979.56,1399.37
P00148,Product 148,Electronics,983.23,1404.62
P00149,Product 149,Electronics,445.65,636.65
P00150,Product 150,Electronics,1284.53,1835.04
P00151,Product 151,Clothing,815.87,1165.53
P00152,Product 152,Clothing,1259.48,1799.26
P00153,Product 153,Electronics,726.26,1037.52
P00154,Product 154,Furniture,1351.09,1930.13
P00155,Product 155,Clothing,5.35,7.64
P00156,Product 156,Grocery,54.41,77.73
P00157,Product 157,Grocery,709.53,1013.61
P00158,Product 158,Furniture,1052.11,1503.01
P00159,Product 159,Electronics,1027.86,1468.37
P00160,Product 160,Grocery,356.69,509.55
P00161,Product 161,Grocery,431.38,616.25
P00162,Product 162,Grocery,1157.45,1653.5
P00163,Product 163,Furniture,508,725.71
P00164,Product 164,Electronics,88.02,125.74
P00165,Product 165,Grocery,63.23,90.33
P00166,Product 166,Grocery,423.28,604.68
P00167,Product 167,Grocery,150.98,215.69
P00168,Product 168,Clothing,738.6,1055.14
P00169,Product 169,Grocery,727.82,1039.74
P00170,Product 170,Furniture,439.8,628.29
P00171,Product 171,Electronics,1245.84,1779.77
P00172,Product 172,Furniture,1381.22,1973.17
P00173,Product 173,Clothing,222.64,318.06
P00174,Product 174,Clothing,1125.12,1607.31
P00175,Product 175,Grocery,706.4,1009.15
P00176,Product 176,Grocery,1224.8,1749.71
P00177,Product 177,Clothing,1183.55,1690.79
P00178,Product 178,Grocery,500.84,715.49
P00179,Product 179,Electronics,137.11,195.87
P00180,Product 180,Grocery,743.72,1062.46
P00181,Product 181,Furniture,480.83,686.9
P00182,Product 182,Furniture,1173.72,1676.75
P00183,Product 183,Electronics,379.43,542.04
P00184,Product 184,Electronics,798.09,1140.13
P00185,Product 185,Clothing,193.09,275.85
P00186,Product 186,Grocery,647.47,924.96
P00187,Product 187,Grocery,465.59,665.13
P00188,Product 188,Clothing,211.91,302.73
P00189,Product 189,Electronics,371.51,530.73
P00190,Product 190,Grocery,415.51,593.58
P00191,Product 191,Grocery,233.2,333.14
P00192,Product 192,Grocery,987.62,1410.88
P00193,Product 193,Furniture,77.39,110.56
P00194,Product 194,Grocery,187.01,267.16
P00195,Product 195,Grocery,448.62,640.88
P00196,Product 196,Furniture,1279.28,1827.55
P00197,Product 197,Electronics,151.24,216.06
P00198,Product 198,Clothing,276.54,395.06
P00199,Product 199,Furniture,966.13,1380.19
P00200,Product 200,Clothing,1350.05,1928.64
P00201,Product 201,Electronics,880.26,1257.52
P00202,Product 202,Electronics,709.04,1012.92
P00203,Product 203,Electronics,282.82,404.03
P00204,Product 204,Grocery,1138.93,1627.04
P00205,Product 205,Furniture,1193.76,1705.37
P00206,Product 206,Clothing,228.88,326.97
P00207,Product 207,Electronics,200.12,285.88
P00208,Product 208,Clothing,976.19,1394.56
P00209,Product 209,Electronics,1308.14,1868.77
P00210,Product 210,Furniture,1300.15,1857.36
P00211,Product 211,Clothing,1067.42,1524.89
P00212,Product 212,Grocery,1393.2,1990.29
P00213,Product 213,Furniture,1244.07,1777.25
P00214,Product 214,Grocery,1363.03,1947.18
P00215,Product 215,Furniture,529.09,755.84
P00216,Product 216,Clothing,486.09,694.41
P00217,Product 217,Furniture,97.85,139.79
P00218,Product 218,Grocery,729.18,1041.68
P00219,Product 219,Furniture,86.36,123.37
P00220,Product 220,Furniture,1290,1842.86
P00221,Product 221,Grocery,57.41,82.02
P00222,Product 222,Clothing,1223.73,1748.18
P00223,Product 223,Grocery,945.38,1350.54
P00224,Product 224,Electronics,63.75,91.07
P00225,Product 225,Grocery,848.84,1212.63
P00226,Product 226,Furniture,953.55,1362.22
P00227,Product 227,Grocery,1208.98,1727.12
P00228,Product 228,Electronics,412.24,588.92
P00229,Product 229,Electronics,1330.15,1900.22
P00230,Product 230,Grocery,734.2,1048.86
P00231,Product 231,Electronics,369.01,527.16
P00232,Product 232,Furniture,802.47,1146.38
P00233,Product 233,Furniture,135.95,194.22
P00234,Product 234,Clothing,1342.84,1918.35
P00235,Product 235,Electronics,1375.32,1964.74
P00236,Product 236,Furniture,662.36,946.23
P00237,Product 237,Furniture,811.97,1159.95
P00238,Product 238,Electronics,222,317.15
P00239,Product 239,Electronics,313.21,447.44
P00240,Product 240,Electronics,837.03,1195.76
P00241,Product 241,Furniture,393.7,562.43
P00242,Product 242,Grocery,433.08,618.69
P00243,Product 243,Clothing,253.84,362.63
P00244,Product 244,Grocery,1310.31,1871.87
P00245,Product 245,Clothing,885.83,1265.47
P00246,Product 246,Furniture,649.81,928.3
P00247,Product 247,Clothing,1034.14,1477.34
P00248,Product 248,Electronics,441.34,630.48
P00249,Product 249,Clothing,1007.2,1438.86
P00250,Product 250,Electronics,633.39,904.84
P00251,Product 251,Grocery,756.94,1081.35
P00252,Product 252,Furniture,1332.23,1903.19
P00253,Product 253,Clothing,486.32,694.74
P00254,Product 254,Grocery,1303.6,1862.29
P00255,Product 255,Grocery,556.37,794.82
P00256,Product 256,Electronics,172.34,246.2
P00257,Product 257,Furniture,935.63,1336.61
P00258,Product 258,Furniture,1108.55,1583.64
P00259,Product 259,Grocery,722.15,1031.65
P00260,Product 260,Clothing,78.98,112.83
P00261,Product 261,Grocery,464.95,664.21
P00262,Product 262,Electronics,1077.69,1539.56
P00263,Product 263,Clothing,1272.53,1817.9
P00264,Product 264,Furniture,199.55,285.07
P00265,Product 265,Furniture,676.63,966.62
P00266,Product 266,Electronics,590.65,843.79
P00267,Product 267,Clothing,139.54,199.34
P00268,Product 268,Grocery,1034.91,1478.45
P00269,Product 269,Grocery,1013,1447.15
P00270,Product 270,Grocery,1086.43,1552.05
P00271,Product 271,Electronics,629.78,899.69
P00272,Product 272,Clothing,1253.81,1791.16
P00273,Product 273,Clothing,811.59,1159.42
P00274,Product 274,Furniture,1045.68,1493.83
P00275,Product 275,Grocery,1143.28,1633.26
P00276,Product 276,Electronics,605.68,865.26
P00277,Product 277,Furniture,1251.66,1788.09
P00278,Product 278,Furniture,417.65,596.64
P00279,Product 279,Furniture,71.42,102.03
P00280,Product 280,Clothing,452.63,646.61
P00281,Product 281,Clothing,1148.92,1641.32
P00282,Product 282,Grocery,296.96,424.23
P00283,Product 283,Clothing,335.33,479.05
P00284,Product 284,Grocery,837.22,1196.03
P00285,Product 285,Clothing,986.24,1408.91
P00286,Product 286,Clothing,1146.33,1637.62
P00287,Product 287,Furniture,691.81,988.3
P00288,Product 288,Grocery,151.66,216.66
P00289,Product 289,Grocery,901.41,1287.73
P00290,Product 290,Electronics,685.83,979.76
P00291,Product 291,Grocery,1224.82,1749.75
P00292,Product 292,Grocery,385.59,550.84
P00293,Product 293,Electronics,157.44,224.92
P00294,Product 294,Clothing,746.7,1066.71
P00295,Product 295,Furniture,490.01,700.02
P00296,Product 296,Grocery,665.5,950.71
P00297,Product 297,Grocery,1065.53,1522.18
P00298,Product 298,Electronics,364.73,521.04
P00299,Product 299,Electronics,1185.56,1693.65
P00300,Product 300,Electronics,1306.49,1866.41
P00301,Product 301,Furniture,817.58,1167.97
P00302,Product 302,Furniture,648.88,926.97
P00303,Product 303,Electronics,701.57,1002.25
P00304,Product 304,Furniture,865.7,1236.71
P00305,Product 305,Clothing,228.33,326.19
P00306,Product 306,Furniture,1041.22,1487.46
P00307,Product 307,Grocery,393.3,561.85
P00308,Product 308,Electronics,763.13,1090.19
P00309,Product 309,Electronics,1254.01,1791.44
P00310,Product 310,Clothing,168.43,240.61
P00311,Product 311,Grocery,189.41,270.58
P00312,Product 312,Furniture,297.85,425.5
P00313,Product 313,Grocery,1056.13,1508.76
P00314,Product 314,Electronics,1256.51,1795.02
P00315,Product 315,Electronics,1046.52,1495.03
P00316,Product 316,Furniture,1156.47,1652.1
P00317,Product 317,Furniture,648.65,926.64
P00318,Product 318,Electronics,589.27,841.82
P00319,Product 319,Furniture,1329.85,1899.78
P00320,Product 320,Electronics,798.55,1140.78
P00321,Product 321,Clothing,259.66,370.95
P00322,Product 322,Grocery,760.01,1085.73
P00323,Product 323,Furniture,1169.76,1671.09
P00324,Product 324,Grocery,941.26,1344.66
P00325,Product 325,Grocery,939.71,1342.44
P00326,Product 326,Furniture,279.08,398.68
P00327,Product 327,Electronics,716.39,1023.42
P00328,Product 328,Grocery,1243.89,1776.99
P00329,Product 329,Grocery,525.77,751.1
P00330,Product 330,Grocery,1340.72,1915.32
P00331,Product 331,Clothing,57.53,82.19
P00332,Product 332,Electronics,355.93,508.47
P00333,Product 333,Clothing,1087.82,1554.03
P00334,Product 334,Furniture,610.01,871.44
P00335,Product 335,Grocery,781.91,1117.01
P00336,Product 336,Clothing,994.49,1420.7
P00337,Product 337,Electronics,8.98,12.83
P00338,Product 338,Clothing,919.11,1313.02
P00339,Product 339,Grocery,1288.31,1840.44
P00340,Product 340,Electronics,154.4,220.57
P00341,Product 341,Furniture,946.02,1351.46
P00342,Product 342,Furniture,221.72,316.75
P00343,Product 343,Electronics,604.27,863.25
P00344,Product 344,Electronics,271.88,388.4
P00345,Product 345,Clothing,1041.85,1488.36
P00346,Product 346,Electronics,178.07,254.39
P00347,Product 347,Electronics,294.94,421.35
P00348,Product 348,Furniture,461.48,659.26
P00349,Product 349,Clothing,58.6,83.72
P00350,Product 350,Grocery,298.01,425.73
P00351,Product 351,Furniture,654.21,934.59
P00352,Product 352,Grocery,1187.35,1696.21
P00353,Product 353,Clothing,1241.82,1774.03
P00354,Product 354,Clothing,1360.89,1944.13
P00355,Product 355,Grocery,141.55,202.22
P00356,Product 356,Furniture,1391.41,1987.73
P00357,Product 357,Clothing,242.56,346.51
P00358,Product 358,Grocery,252.85,361.22
P00359,Product 359,Furniture,348.66,498.08
P00360,Product 360,Clothing,317.32,453.31
P00361,Product 361,Clothing,1347.67,1925.24
P00362,Product 362,Electronics,361.91,517.02
P00363,Product 363,Electronics,253.26,361.8
P00364,Product 364,Furniture,8.37,11.96
P00365,Product 365,Furniture,521.04,744.34
P00366,Product 366,Grocery,955.88,1365.54
P00367,Product 367,Clothing,357.99,511.42
P00368,Product 368,Grocery,780.51,1115.01
P00369,Product 369,Electronics,416.84,595.48
P00370,Product 370,Grocery,21.52,30.75
P00371,Product 371,Electronics,603.67,862.39
P00372,Product 372,Grocery,1305.25,1864.64
P00373,Product 373,Clothing,5.99,8.55
P00374,Product 374,Clothing,763.35,1090.5
P00375,Product 375,Grocery,60.85,86.93
P00376,Product 376,Electronics,110.91,158.45
P00377,Product 377,Furniture,1188.77,1698.24
P00378,Product 378,Clothing,399.31,570.44
P00379,Product 379,Grocery,552.01,788.58
P00380,Product 380,Clothing,843.42,1204.89
P00381,Product 381,Grocery,1129.04,1612.91
P00382,Product 382,Electronics,226.25,323.22
P00383,Product 383,Grocery,898.58,1283.69
P00384,Product 384,Clothing,277.73,396.76
P00385,Product 385,Clothing,1057.87,1511.24
P00386,Product 386,Electronics,844.46,1206.37
P00387,Product 387,Electronics,182.46,260.66
P00388,Product 388,Furniture,483.52,690.74
P00389,Product 389,Clothing,1334.49,1906.42
P00390,Product 390,Clothing,13.27,18.96
P00391,Product 391,Electronics,968.86,1384.09
P00392,Product 392,Clothing,1268.05,1811.5
P00393,Product 393,Electronics,1339.25,1913.22
P00394,Product 394,Grocery,1244.39,1777.7
P00395,Product 395,Electronics,1169.55,1670.79
P00396,Product 396,Furniture,1222.24,1746.06
P00397,Product 397,Furniture,1153.17,1647.39
P00398,Product 398,Furniture,1086.83,1552.61
P00399,Product 399,Clothing,160.98,229.97
P00400,Product 400,Clothing,737.38,1053.4
P00401,Product 401,Furniture,1238.75,1769.65
P00402,Product 402,Grocery,13.82,19.75
P00403,Product 403,Electronics,247.95,354.21
P00404,Product 404,Electronics,1313.16,1875.94
P00405,Product 405,Electronics,888.25,1268.93
P00406,Product 406,Grocery,1351.31,1930.44
P00407,Product 407,Grocery,1217.98,1739.97
P00408,Product 408,Electronics,1255.27,1793.24
P00409,Product 409,Grocery,1076.51,1537.87
P00410,Product 410,Furniture,1373.18,1961.68
P00411,Product 411,Clothing,734.06,1048.65
P00412,Product 412,Furniture,572.73,818.19
P00413,Product 413,Grocery,1058.55,1512.21
P00414,Product 414,Clothing,720.28,1028.97
P00415,Product 415,Furniture,431.6,616.57
P00416,Product 416,Clothing,1281.18,1830.26
P00417,Product 417,Electronics,693.72,991.03
P00418,Product 418,Grocery,575.13,821.61
P00419,Product 419,Furniture,202.5,289.28
P00420,Product 420,Grocery,477.43,682.05
P00421,Product 421,Furniture,1035.8,1479.72
P00422,Product 422,Furniture,838.59,1197.98
P00423,Product 423,Electronics,870.73,1243.9
P00424,Product 424,Electronics,858.96,1227.09
P00425,Product 425,Electronics,1180.92,1687.03
P00426,Product 426,Furniture,243.54,347.92
P00427,Product 427,Clothing,1082.97,1547.1
P00428,Product 428,Electronics,1060.93,1515.62
P00429,Product 429,Grocery,1037.55,1482.21
P00430,Product 430,Grocery,441.43,630.62
P00431,Product 431,Electronics,152.82,218.32
P00432,Product 432,Furniture,1333.06,1904.37
P00433,Product 433,Electronics,738.81,1055.45
P00434,Product 434,Grocery,779.02,1112.89
P00435,Product 435,Furniture,383.59,547.98
P00436,Product 436,Grocery,126.88,181.26
P00437,Product 437,Electronics,1024.02,1462.88
P00438,Product 438,Electronics,345.28,493.26
P00439,Product 439,Electronics,969.07,1384.38
P00440,Product 440,Electronics,1245.05,1778.64
P00441,Product 441,Furniture,869.78,1242.54
P00442,Product 442,Electronics,191.32,273.32
P00443,Product 443,Clothing,833.7,1191
P00444,Product 444,Grocery,757.59,1082.27
P00445,Product 445,Clothing,234.55,335.07
P00446,Product 446,Clothing,1389.55,1985.07
P00447,Product 447,Clothing,594.73,849.61
P00448,Product 448,Electronics,434.91,621.3
P00449,Product 449,Electronics,698.11,997.3
P00450,Product 450,Electronics,561.27,801.82
P00451,Product 451,Grocery,459.65,656.64
P00452,Product 452,Clothing,1243.89,1776.98
P00453,Product 453,Electronics,436.76,623.94
P00454,Product 454,Clothing,1039.7,1485.29
P00455,Product 455,Clothing,1051.66,1502.37
P00456,Product 456,Electronics,489.29,698.98
P00457,Product 457,Clothing,681.88,974.11
P00458,Product 458,Electronics,1248.43,1783.47
P00459,Product 459,Grocery,960.35,1371.93
P00460,Product 460,Furniture,305.21,436.02
P00461,Product 461,Furniture,317.03,452.9
P00462,Product 462,Clothing,163.65,233.79
P00463,Product 463,Electronics,435.48,622.12
P00464,Product 464,Clothing,365.95,522.78
P00465,Product 465,Electronics,926.16,1323.09
P00466,Product 466,Furniture,670.85,958.35
P00467,Product 467,Clothing,178.33,254.76
P00468,Product 468,Furniture,12.94,18.49
P00469,Product 469,Furniture,218.7,312.43
P00470,Product 470,Clothing,298.12,425.89
P00471,Product 471,Electronics,1114.32,1591.89
P00472,Product 472,Furniture,434.58,620.83
P00473,Product 473,Furniture,597.6,853.71
P00474,Product 474,Grocery,1275.87,1822.67
P00475,Product 475,Furniture,1105.06,1578.65
P00476,Product 476,Clothing,764.62,1092.32
P00477,Product 477,Furniture,741.66,1059.51
P00478,Product 478,Clothing,260.71,372.45
P00479,Product 479,Electronics,1110.61,1586.58
P00480,Product 480,Electronics,189.31,270.45
P00481,Product 481,Grocery,1040.65,1486.65
P00482,Product 482,Furniture,455.45,650.64
P00483,Product 483,Electronics,243.61,348.01
P00484,Product 484,Electronics,789.89,1128.41
P00485,Product 485,Grocery,1319.13,1884.47
P00486,Product 486,Clothing,671.95,959.93
P00487,Product 487,Grocery,889.58,1270.83
P00488,Product 488,Electronics,831.37,1187.67
P00489,Product 489,Furniture,246.11,351.58
P00490,Product 490,Clothing,1017.08,1452.97
P00491,Product 491,Clothing,1316.03,1880.05
P00492,Product 492,Electronics,610.16,871.66
P00493,Product 493,Furniture,1109.52,1585.03
P00494,Product 494,Clothing,778.52,1112.17
P00495,Product 495,Furniture,1259.25,1798.93
P00496,Product 496,Electronics,1333.81,1905.44
P00497,Product 497,Furniture,47.46,67.8
P00498,Product 498,Furniture,538.91,769.87
P00499,Product 499,Furniture,472.59,675.13
P00500,Product 500,Electronics,563.09,804.42
P00501,Product 501,Furniture,1124.59,1606.56
P00502,Product 502,Electronics,405.5,579.28
P00503,Product 503,Electronics,821.48,1173.55
P00504,Product 504,Electronics,77.68,110.97
P00505,Product 505,Electronics,1199.88,1714.12
P00506,Product 506,Furniture,176.36,251.94
P00507,Product 507,Grocery,730.17,1043.1
P00508,Product 508,Grocery,1382.68,1975.26
P00509,Product 509,Grocery,812.29,1160.41
P00510,Product 510,Clothing,1257.14,1795.92
P00511,Product 511,Clothing,421.04,601.48
P00512,Product 512,Electronics,930.67,1329.53
P00513,Product 513,Electronics,222.87,318.39
P00514,Product 514,Electronics,46.94,67.06
P00515,Product 515,Grocery,1057.89,1511.27
P00516,Product 516,Clothing,362.7,518.15
P00517,Product 517,Furniture,272.63,389.47
P00518,Product 518,Furniture,557.97,797.1
P00519,Product 519,Electronics,501.67,716.67
P00520,Product 520,Clothing,262.83,375.47
P00521,Product 521,Furniture,179.13,255.9
P00522,Product 522,Grocery,184.25,263.22
P00523,Product 523,Grocery,303.34,433.34
P00524,Product 524,Clothing,32.65,46.65
P00525,Product 525,Furniture,629.47,899.25
P00526,Product 526,Clothing,12.12,17.31
P00527,Product 527,Furniture,231.68,330.97
P00528,Product 528,Electronics,1353.89,1934.13
P00529,Product 529,Furniture,1083.14,1547.34
P00530,Product 530,Electronics,203.74,291.06
P00531,Product 531,Clothing,831.77,1188.24
P00532,Product 532,Clothing,178.11,254.44
P00533,Product 533,Furniture,685.01,978.58
P00534,Product 534,Clothing,530.47,757.82
P00535,Product 535,Furniture,189.07,270.1
P00536,Product 536,Electronics,1354.47,1934.96
P00537,Product 537,Furniture,958.99,1369.99
P00538,Product 538,Electronics,1353.5,1933.57
P00539,Product 539,Electronics,49.88,71.25
P00540,Product 540,Furniture,1008.22,1440.31
P00541,Product 541,Electronics,323.43,462.04
P00542,Product 542,Grocery,48.25,68.93
P00543,Product 543,Grocery,839.15,1198.78
P00544,Product 544,Clothing,941.29,1344.7
P00545,Product 545,Electronics,1242.84,1775.49
P00546,Product 546,Furniture,289.91,414.16
P00547,Product 547,Furniture,492.94,704.2
P00548,Product 548,Grocery,6.61,9.44
P00549,Product 549,Grocery,481.28,687.54
P00550,Product 550,Electronics,941.07,1344.38
P00551,Product 551,Clothing,65.86,94.08
P00552,Product 552,Grocery,511.86,731.23
P00553,Product 553,Furniture,1248.93,1784.19
P00554,Product 554,Furniture,493.1,704.43
P00555,Product 555,Grocery,1031.63,1473.76
P00556,Product 556,Furniture,403.56,576.51
P00557,Product 557,Furniture,387.58,553.69
P00558,Product 558,Clothing,1187.79,1696.85
P00559,Product 559,Electronics,612.39,874.84
P00560,Product 560,Grocery,1248.01,1782.87
P00561,Product 561,Grocery,1141.67,1630.96
P00562,Product 562,Electronics,1122.03,1602.9
P00563,Product 563,Clothing,870.46,1243.51
P00564,Product 564,Grocery,1006.5,1437.86
P00565,Product 565,Clothing,723.02,1032.88
P00566,Product 566,Electronics,542.15,774.5
P00567,Product 567,Electronics,228.86,326.94
P00568,Product 568,Clothing,1061.8,1516.86
P00569,Product 569,Electronics,417.41,596.3
P00570,Product 570,Electronics,1292.78,1846.83
P00571,Product 571,Furniture,1012.24,1446.06
P00572,Product 572,Electronics,1115.53,1593.62
P00573,Product 573,Clothing,246.26,351.8
P00574,Product 574,Clothing,1371.87,1959.81
P00575,Product 575,Clothing,905.59,1293.7
P00576,Product 576,Clothing,1337.74,1911.06
P00577,Product 577,Grocery,1286.31,1837.58
P00578,Product 578,Furniture,230.84,329.77
P00579,Product 579,Furniture,104.69,149.56
P00580,Product 580,Electronics,155.78,222.54
P00581,Product 581,Electronics,1389.21,1984.58
P00582,Product 582,Electronics,348.35,497.65
P00583,Product 583,Grocery,1034.38,1477.69
P00584,Product 584,Clothing,1229.23,1756.04
P00585,Product 585,Grocery,969.22,1384.6
P00586,Product 586,Grocery,298.65,426.64
P00587,Product 587,Electronics,1231.8,1759.71
P00588,Product 588,Furniture,1160.05,1657.22
P00589,Product 589,Clothing,608.24,868.91
P00590,Product 590,Clothing,45.41,64.87
P00591,Product 591,Furniture,929.54,1327.92
P00592,Product 592,Clothing,735.76,1051.09
P00593,Product 593,Furniture,607.05,867.22
P00594,Product 594,Furniture,953.86,1362.65
P00595,Product 595,Grocery,310.39,443.41
P00596,Product 596,Clothing,964.57,1377.96
P00597,Product 597,Electronics,315.73,451.04
P00598,Product 598,Furniture,647.54,925.06
P00599,Product 599,Electronics,987.01,1410.02
P00600,Product 600,Electronics,95.76,136.8
P00601,Product 601,Furniture,681.48,973.54
P00602,Product 602,Grocery,674.29,963.27
P00603,Product 603,Clothing,1265.14,1807.35
P00604,Product 604,Grocery,1024.81,1464.02
P00605,Product 605,Grocery,589.96,842.8
P00606,Product 606,Furniture,740.05,1057.21
P00607,Product 607,Electronics,770.12,1100.17
P00608,Product 608,Clothing,1282.11,1831.58
P00609,Product 609,Grocery,9.58,13.69
P00610,Product 610,Furniture,423.99,605.7
P00611,Product 611,Grocery,1062.82,1518.31
P00612,Product 612,Electronics,1307.05,1867.22
P00613,Product 613,Electronics,658.89,941.27
P00614,Product 614,Grocery,636.8,909.72
P00615,Product 615,Grocery,567.94,811.34
P00616,Product 616,Clothing,13.54,19.34
P00617,Product 617,Electronics,787.55,1125.07
P00618,Product 618,Clothing,976,1394.29
P00619,Product 619,Furniture,1244.36,1777.66
P00620,Product 620,Clothing,775.65,1108.07
P00621,Product 621,Clothing,49.24,70.34
P00622,Product 622,Furniture,575.53,822.19
P00623,Product 623,Furniture,191.29,273.27
P00624,Product 624,Clothing,116.06,165.8
P00625,Product 625,Grocery,189.7,271
P00626,Product 626,Grocery,795.6,1136.57
P00627,Product 627,Grocery,1135.04,1621.48
P00628,Product 628,Clothing,12.87,18.39
P00629,Product 629,Furniture,781.33,1116.18
P00630,Product 630,Furniture,812.55,1160.79
P00631,Product 631,Furniture,1171.37,1673.39
P00632,Product 632,Grocery,178.78,255.4
P00633,Product 633,Clothing,812.37,1160.53
P00634,Product 634,Grocery,1312.11,1874.44
P00635,Product 635,Clothing,736.9,1052.72
P00636,Product 636,Electronics,724.87,1035.53
P00637,Product 637,Clothing,1218.34,1740.48
P00638,Product 638,Clothing,506.17,723.1
P00639,Product 639,Clothing,1321.33,1887.62
P00640,Product 640,Furniture,1165.24,1664.63
P00641,Product 641,Electronics,1298.79,1855.42
P00642,Product 642,Grocery,963.26,1376.08
P00643,Product 643,Clothing,1000.89,1429.84
P00644,Product 644,Grocery,167.13,238.76
P00645,Product 645,Grocery,165.49,236.42
P00646,Product 646,Clothing,440.47,629.25
P00647,Product 647,Furniture,607.79,868.27
P00648,Product 648,Electronics,168.85,241.22
P00649,Product 649,Furniture,1218.68,1740.97
P00650,Product 650,Electronics,118.99,169.99
P00651,Product 651,Grocery,1155.85,1651.22
P00652,Product 652,Clothing,575,821.43
P00653,Product 653,Grocery,461.64,659.49
P00654,Product 654,Electronics,1272.12,1817.31
P00655,Product 655,Grocery,684.38,977.68
P00656,Product 656,Furniture,537.73,768.18
P00657,Product 657,Grocery,674.53,963.61
P00658,Product 658,Electronics,333.99,477.13
P00659,Product 659,Electronics,218.06,311.51
P00660,Product 660,Electronics,406.56,580.8
P00661,Product 661,Furniture,550.87,786.95
P00662,Product 662,Electronics,841.08,1201.54
P00663,Product 663,Electronics,1164.48,1663.54
P00664,Product 664,Grocery,404.2,577.43
P00665,Product 665,Furniture,662.56,946.51
P00666,Product 666,Grocery,886.29,1266.13
P00667,Product 667,Grocery,830.89,1186.99
P00668,Product 668,Furniture,689.71,985.3
P00669,Product 669,Furniture,870.97,1244.25
P00670,Product 670,Grocery,1387.34,1981.91
P00671,Product 671,Clothing,570.65,815.22
P00672,Product 672,Furniture,337.14,481.63
P00673,Product 673,Clothing,1056.24,1508.92
P00674,Product 674,Electronics,745.32,1064.74
P00675,Product 675,Clothing,685.43,979.19
P00676,Product 676,Grocery,886.07,1265.81
P00677,Product 677,Clothing,917.99,1311.42
P00678,Product 678,Furniture,458.87,655.53
P00679,Product 679,Clothing,485.15,693.07
P00680,Product 680,Clothing,794.24,1134.63
P00681,Product 681,Electronics,262.65,375.21
P00682,Product 682,Electronics,197.5,282.14
P00683,Product 683,Electronics,781.4,1116.29
P00684,Product 684,Furniture,625.68,893.83
P00685,Product 685,Clothing,809.44,1156.34
P00686,Product 686,Grocery,24.56,35.09
P00687,Product 687,Furniture,635.42,907.74
P00688,Product 688,Grocery,238.52,340.75
P00689,Product 689,Furniture,534.83,764.05
P00690,Product 690,Furniture,1098.59,1569.41
P00691,Product 691,Grocery,937.11,1338.73
P00692,Product 692,Furniture,1112.75,1589.64
P00693,Product 693,Grocery,1365.36,1950.51
P00694,Product 694,Clothing,1083.54,1547.91
P00695,Product 695,Electronics,259.31,370.45
P00696,Product 696,Grocery,478.01,682.87
P00697,Product 697,Electronics,1037.37,1481.96
P00698,Product 698,Electronics,909.05,1298.64
P00699,Product 699,Electronics,340.16,485.94
P00700,Product 700,Grocery,152.14,217.34
P00701,Product 701,Clothing,951.8,1359.71
P00702,Product 702,Electronics,1117.76,1596.8
P00703,Product 703,Furniture,1238.43,1769.19
P00704,Product 704,Clothing,1382.22,1974.6
P00705,Product 705,Grocery,802.19,1145.98
P00706,Product 706,Furniture,492.51,703.58
P00707,Product 707,Clothing,1156.4,1652
P00708,Product 708,Electronics,507.7,725.28
P00709,Product 709,Electronics,1177.88,1682.69
P00710,Product 710,Furniture,1158.86,1655.51
P00711,Product 711,Electronics,708.25,1011.79
P00712,Product 712,Clothing,618.38,883.4
P00713,Product 713,Furniture,863.06,1232.94
P00714,Product 714,Furniture,34.43,49.19
P00715,Product 715,Furniture,232.78,332.55
P00716,Product 716,Electronics,767.48,1096.4
P00717,Product 717,Electronics,108.04,154.35
P00718,Product 718,Furniture,584.77,835.39
P00719,Product 719,Electronics,575.32,821.89
P00720,Product 720,Furniture,945.4,1350.57
P00721,Product 721,Furniture,580.71,829.59
P00722,Product 722,Furniture,176.52,252.17
P00723,Product 723,Clothing,742.17,1060.25
P00724,Product 724,Electronics,18.56,26.52
P00725,Product 725,Grocery,792.92,1132.75
P00726,Product 726,Grocery,796.68,1138.11
P00727,Product 727,Clothing,1226.81,1752.58
P00728,Product 728,Clothing,973.22,1390.31
P00729,Product 729,Electronics,715.42,1022.03
P00730,Product 730,Clothing,603.67,862.39
P00731,Product 731,Grocery,1238.79,1769.7
P00732,Product 732,Furniture,545.04,778.63
P00733,Product 733,Furniture,1002.57,1432.24
P00734,Product 734,Furniture,766.77,1095.39
P00735,Product 735,Grocery,977.76,1396.8
P00736,Product 736,Grocery,634.35,906.21
P00737,Product 737,Grocery,1271.96,1817.08
P00738,Product 738,Electronics,1199.23,1713.18
P00739,Product 739,Furniture,36.66,52.37
P00740,Product 740,Grocery,916.99,1309.99
P00741,Product 741,Grocery,43,61.43
P00742,Product 742,Electronics,1238.38,1769.11
P00743,Product 743,Clothing,738.49,1054.99
P00744,Product 744,Grocery,584.15,834.5
P00745,Product 745,Grocery,397.47,567.81
P00746,Product 746,Grocery,482.44,689.2
P00747,Product 747,Electronics,1257.27,1796.1
P00748,Product 748,Furniture,286.01,408.59
P00749,Product 749,Clothing,985.85,1408.36
P00750,Product 750,Grocery,618.33,883.33
P00751,Product 751,Electronics,957.39,1367.7
P00752,Product 752,Furniture,223.34,319.06
P00753,Product 753,Grocery,1096.74,1566.77
P00754,Product 754,Furniture,116.05,165.78
P00755,Product 755,Electronics,337.73,482.47
P00756,Product 756,Grocery,20.48,29.26
P00757,Product 757,Grocery,192.09,274.42
P00758,Product 758,Electronics,1153.83,1648.33
P00759,Product 759,Grocery,1221.76,1745.37
P00760,Product 760,Clothing,133.45,190.65
P00761,Product 761,Grocery,894.68,1278.12
P00762,Product 762,Electronics,584.66,835.23
P00763,Product 763,Furniture,953.13,1361.61
P00764,Product 764,Clothing,717.93,1025.61
P00765,Product 765,Clothing,558.68,798.12
P00766,Product 766,Grocery,1203.07,1718.67
P00767,Product 767,Clothing,277.53,396.47
P00768,Product 768,Furniture,682.21,974.58
P00769,Product 769,Furniture,918.17,1311.67
P00770,Product 770,Electronics,686.82,981.17
P00771,Product 771,Electronics,1366.74,1952.48
P00772,Product 772,Electronics,774.11,1105.87
P00773,Product 773,Furniture,146.03,208.61
P00774,Product 774,Electronics,167.84,239.77
P00775,Product 775,Electronics,517.94,739.91
P00776,Product 776,Clothing,101.23,144.61
P00777,Product 777,Furniture,254.44,363.49
P00778,Product 778,Furniture,572.44,817.77
P00779,Product 779,Furniture,508.78,726.83
P00780,Product 780,Electronics,1329.57,1899.39
P00781,Product 781,Electronics,379.01,541.44
P00782,Product 782,Clothing,45.87,65.53
P00783,Product 783,Furniture,1146.27,1637.53
P00784,Product 784,Electronics,1274.01,1820.01
P00785,Product 785,Grocery,1201.05,1715.79
P00786,Product 786,Grocery,429.38,613.4
P00787,Product 787,Clothing,281.48,402.12
P00788,Product 788,Grocery,1335.13,1907.33
P00789,Product 789,Clothing,873.54,1247.91
P00790,Product 790,Clothing,844.96,1207.08
P00791,Product 791,Electronics,236.95,338.5
P00792,Product 792,Clothing,1155.36,1650.52
P00793,Product 793,Grocery,990.49,1414.98
P00794,Product 794,Furniture,18.56,26.52
P00795,Product 795,Grocery,832.45,1189.21
P00796,Product 796,Furniture,943.77,1348.25
P00797,Product 797,Clothing,926.75,1323.93
P00798,Product 798,Clothing,1139.49,1627.85
P00799,Product 799,Grocery,570.73,815.33
P00800,Product 800,Furniture,1039.38,1484.83
P00801,Product 801,Electronics,1388.41,1983.45
P00802,Product 802,Grocery,7.44,10.63
P00803,Product 803,Electronics,1120.15,1600.22
P00804,Product 804,Electronics,91.82,131.17
P00805,Product 805,Electronics,730.33,1043.33
P00806,Product 806,Grocery,1238.36,1769.08
P00807,Product 807,Grocery,545.12,778.75
P00808,Product 808,Electronics,93.65,133.79
P00809,Product 809,Grocery,1110.95,1587.07
P00810,Product 810,Electronics,974.1,1391.57
P00811,Product 811,Grocery,175.83,251.18
P00812,Product 812,Electronics,95.34,136.2
P00813,Product 813,Clothing,1172.28,1674.68
P00814,Product 814,Electronics,524.49,749.27
P00815,Product 815,Furniture,1200.52,1715.03
P00816,Product 816,Clothing,429.59,613.7
P00817,Product 817,Electronics,430.57,615.1
P00818,Product 818,Electronics,161.92,231.32
P00819,Product 819,Grocery,298.71,426.73
P00820,Product 820,Clothing,1104.02,1577.17
P00821,Product 821,Electronics,67.75,96.78
P00822,Product 822,Grocery,723.93,1034.18
P00823,Product 823,Furniture,375.54,536.49
P00824,Product 824,Electronics,107.65,153.79
P00825,Product 825,Furniture,1193.23,1704.61
P00826,Product 826,Furniture,367.4,524.86
P00827,Product 827,Electronics,37.09,52.99
P00828,Product 828,Furniture,979.03,1398.61
P00829,Product 829,Electronics,1110.35,1586.22
P00830,Product 830,Electronics,1382.79,1975.42
P00831,Product 831,Grocery,561.95,802.78
P00832,Product 832,Furniture,118.36,169.08
P00833,Product 833,Grocery,874.7,1249.57
P00834,Product 834,Electronics,1309.92,1871.31
P00835,Product 835,Grocery,832.05,1188.64
P00836,Product 836,Clothing,469.79,671.13
P00837,Product 837,Clothing,458.38,654.83
P00838,Product 838,Grocery,840.61,1200.87
P00839,Product 839,Electronics,1063.31,1519.01
P00840,Product 840,Furniture,857.9,1225.57
P00841,Product 841,Furniture,1267.76,1811.09
P00842,Product 842,Clothing,943.82,1348.32
P00843,Product 843,Furniture,15,21.43
P00844,Product 844,Grocery,772.6,1103.71
P00845,Product 845,Electronics,627.35,896.21
P00846,Product 846,Grocery,148.54,212.2
P00847,Product 847,Furniture,1071.83,1531.18
P00848,Product 848,Clothing,59.93,85.62
P00849,Product 849,Clothing,470.72,672.46
P00850,Product 850,Grocery,883.95,1262.79
P00851,Product 851,Furniture,434.61,620.87
P00852,Product 852,Electronics,519.76,742.52
P00853,Product 853,Electronics,363.44,519.2
P00854,Product 854,Electronics,616.23,880.33
P00855,Product 855,Grocery,31.95,45.65
P00856,Product 856,Electronics,1083.47,1547.82
P00857,Product 857,Clothing,68.59,97.99
P00858,Product 858,Clothing,1169.92,1671.32
P00859,Product 859,Grocery,797.24,1138.91
P00860,Product 860,Grocery,275.48,393.54
P00861,Product 861,Furniture,921.08,1315.83
P00862,Product 862,Furniture,1202.33,1717.61
P00863,Product 863,Grocery,1026.14,1465.92
P00864,Product 864,Electronics,207.94,297.05
P00865,Product 865,Grocery,633.98,905.68
P00866,Product 866,Clothing,1373.34,1961.92
P00867,Product 867,Grocery,1223.4,1747.72
P00868,Product 868,Clothing,1309.89,1871.27
P00869,Product 869,Grocery,1317.37,1881.96
P00870,Product 870,Clothing,682.75,975.35
P00871,Product 871,Clothing,693.47,990.67
P00872,Product 872,Electronics,823.12,1175.89
P00873,Product 873,Clothing,686.69,980.98
P00874,Product 874,Clothing,534.63,763.76
P00875,Product 875,Grocery,1379.64,1970.91
P00876,Product 876,Electronics,314.66,449.52
P00877,Product 877,Electronics,559.61,799.44
P00878,Product 878,Furniture,814.43,1163.47
P00879,Product 879,Furniture,105.36,150.51
P00880,Product 880,Clothing,184.79,263.99
P00881,Product 881,Grocery,528.25,754.64
P00882,Product 882,Clothing,120.76,172.52
P00883,Product 883,Grocery,1313.29,1876.13
P00884,Product 884,Clothing,321.36,459.09
P00885,Product 885,Grocery,194.86,278.37
P00886,Product 886,Grocery,946.12,1351.6
P00887,Product 887,Electronics,1235.77,1765.39
P00888,Product 888,Electronics,1024.21,1463.16
P00889,Product 889,Furniture,92.34,131.91
P00890,Product 890,Grocery,1158.82,1655.45
P00891,Product 891,Electronics,784.3,1120.43
P00892,Product 892,Grocery,984.21,1406.01
P00893,Product 893,Furniture,832.89,1189.85
P00894,Product 894,Clothing,1273.63,1819.47
P00895,Product 895,Clothing,743.28,1061.83
P00896,Product 896,Clothing,801.67,1145.25
P00897,Product 897,Clothing,1317.71,1882.44
P00898,Product 898,Furniture,1361,1944.29
P00899,Product 899,Furniture,594.68,849.54
P00900,Product 900,Clothing,839.09,1198.7
P00901,Product 901,Furniture,593.79,848.27
P00902,Product 902,Grocery,1213.89,1734.13
P00903,Product 903,Furniture,344.23,491.76
P00904,Product 904,Furniture,878.24,1254.63
P00905,Product 905,Grocery,628.36,897.66
P00906,Product 906,Electronics,29.61,42.3
P00907,Product 907,Grocery,862.68,1232.4
P00908,Product 908,Furniture,470.59,672.27
P00909,Product 909,Clothing,754.49,1077.85
P00910,Product 910,Clothing,282.72,403.88
P00911,Product 911,Grocery,772.21,1103.15
P00912,Product 912,Electronics,212.74,303.92
P00913,Product 913,Clothing,1096.89,1566.99
P00914,Product 914,Electronics,1329.24,1898.92
P00915,Product 915,Grocery,216.85,309.78
P00916,Product 916,Clothing,472.43,674.9
P00917,Product 917,Furniture,964.27,1377.53
P00918,Product 918,Electronics,804.03,1148.61
P00919,Product 919,Grocery,1124.05,1605.78
P00920,Product 920,Electronics,546.94,781.35
P00921,Product 921,Clothing,1111.47,1587.82
P00922,Product 922,Electronics,1333.95,1905.65
P00923,Product 923,Electronics,14.15,20.21
P00924,Product 924,Clothing,410.38,586.25
P00925,Product 925,Electronics,1297.07,1852.96
P00926,Product 926,Grocery,356.61,509.44
P00927,Product 927,Furniture,731.7,1045.29
P00928,Product 928,Clothing,1128.69,1612.42
P00929,Product 929,Clothing,707.93,1011.33
P00930,Product 930,Furniture,928.44,1326.34
P00931,Product 931,Electronics,1214.35,1734.79
P00932,Product 932,Grocery,1008.03,1440.04
P00933,Product 933,Furniture,1240.9,1772.71
P00934,Product 934,Furniture,699.34,999.06
P00935,Product 935,Grocery,482.19,688.85
P00936,Product 936,Clothing,1087.43,1553.47
P00937,Product 937,Clothing,199.15,284.5
P00938,Product 938,Furniture,1144.53,1635.04
P00939,Product 939,Furniture,426.85,609.78
P00940,Product 940,Grocery,1069.4,1527.71
P00941,Product 941,Grocery,754.89,1078.42
P00942,Product 942,Grocery,873.22,1247.45
P00943,Product 943,Electronics,1024.3,1463.28
P00944,Product 944,Electronics,251.34,359.06
P00945,Product 945,Clothing,827.13,1181.62
P00946,Product 946,Clothing,1100.23,1571.76
P00947,Product 947,Grocery,206.32,294.74
P00948,Product 948,Grocery,505.56,722.23
P00949,Product 949,Grocery,548.25,783.21
P00950,Product 950,Electronics,1188.42,1697.75
P00951,Product 951,Furniture,558.38,797.69
P00952,Product 952,Grocery,49.62,70.88
P00953,Product 953,Grocery,738.07,1054.39
P00954,Product 954,Clothing,707.76,1011.09
P00955,Product 955,Furniture,12.18,17.4
P00956,Product 956,Electronics,78.44,112.06
P00957,Product 957,Electronics,1159.98,1657.12
P00958,Product 958,Clothing,85.25,121.78
P00959,Product 959,Grocery,532.31,760.44
P00960,Product 960,Furniture,998.68,1426.68
P00961,Product 961,Furniture,960.43,1372.05
P00962,Product 962,Electronics,1269.73,1813.9
P00963,Product 963,Electronics,1299.38,1856.25
P00964,Product 964,Grocery,27.05,38.64
P00965,Product 965,Grocery,675.7,965.29
P00966,Product 966,Grocery,513.27,733.24
P00967,Product 967,Furniture,1207.47,1724.96
P00968,Product 968,Grocery,384.08,548.68
P00969,Product 969,Grocery,401.03,572.9
P00970,Product 970,Grocery,660.06,942.94
P00971,Product 971,Furniture,517.76,739.66
P00972,Product 972,Electronics,266.44,380.63
P00973,Product 973,Furniture,809.68,1156.68
P00974,Product 974,Grocery,611.72,873.88
P00975,Product 975,Electronics,1053.4,1504.86
P00976,Product 976,Grocery,729.99,1042.85
P00977,Product 977,Grocery,390.7,558.14
P00978,Product 978,Furniture,1119.26,1598.94
P00979,Product 979,Grocery,868.9,1241.29
P00980,Product 980,Electronics,467.73,668.18
P00981,Product 981,Electronics,523.29,747.56
P00982,Product 982,Clothing,1379.84,1971.2
P00983,Product 983,Furniture,1278.72,1826.74
P00984,Product 984,Clothing,524.65,749.5
P00985,Product 985,Electronics,289.41,413.45
P00986,Product 986,Grocery,1187.93,1697.04
P00987,Product 987,Grocery,527.19,753.13
P00988,Product 988,Furniture,1338.26,1911.8
P00989,Product 989,Grocery,663.8,948.28
P00990,Product 990,Grocery,322.25,460.35
P00991,Product 991,Furniture,807.48,1153.54
P00992,Product 992,Clothing,758.81,1084.02
P00993,Product 993,Grocery,1264.11,1805.87
P00994,Product 994,Clothing,1213.92,1734.17
P00995,Product 995,Furniture,356.36,509.08
P00996,Product 996,Clothing,55.37,79.1
P00997,Product 997,Clothing,665.71,951.02
P00998,Product 998,Electronics,94.19,134.56
P00999,Product 999,Grocery,-7,-10
P01000,Product 1000,Furniture,868.48,1240.68
P01001,Product 1001,Grocery,1262.47,1803.53
P01002,Product 1002,Grocery,304.47,434.96
P01003,Product 1003,Electronics,166.61,238.01
P01004,Product 1004,Grocery,304.34,434.77
P01005,Product 1005,Furniture,853.52,1219.32
P01006,Product 1006,Electronics,1260.71,1801.02
P01007,Product 1007,Grocery,1144.32,1634.75
P01008,Product 1008,Electronics,130.98,187.11
P01009,Product 1009,Grocery,179.72,256.75
P01010,Product 1010,Electronics,1250.57,1786.53
P01011,Product 1011,Electronics,785.44,1122.06
P01012,Product 1012,Furniture,83.19,118.84
P01013,Product 1013,Grocery,759.96,1085.66
P01014,Product 1014,Grocery,1317.18,1881.68
P01015,Product 1015,Electronics,1004.95,1435.64
P01016,Product 1016,Clothing,999.93,1428.47
P01017,Product 1017,Grocery,14.39,20.56
P01018,Product 1018,Electronics,696.02,994.31
P01019,Product 1019,Clothing,123.83,176.9
P01020,Product 1020,Grocery,426.97,609.96
P01021,Product 1021,Electronics,313.62,448.03
P01022,Product 1022,Grocery,670.8,958.29
P01023,Product 1023,Furniture,242.42,346.31
P01024,Product 1024,Grocery,1235.25,1764.65
P01025,Product 1025,Electronics,786.7,1123.86
P01026,Product 1026,Furniture,1380.18,1971.68
P01027,Product 1027,Grocery,362.74,518.2
P01028,Product 1028,Clothing,719.34,1027.63
P01029,Product 1029,Furniture,14.43,20.61
P01030,Product 1030,Clothing,1092.11,1560.15
P01031,Product 1031,Clothing,1006.17,1437.38
P01032,Product 1032,Furniture,1022.9,1461.29
P01033,Product 1033,Clothing,283.35,404.79
P01034,Product 1034,Furniture,1324.9,1892.72
P01035,Product 1035,Clothing,694.46,992.08
P01036,Product 1036,Electronics,308.22,440.32
P01037,Product 1037,Furniture,38.6,55.14
P01038,Product 1038,Electronics,254.93,364.18
P01039,Product 1039,Electronics,70.43,100.61
P01040,Product 1040,Grocery,90.03,128.62
P01041,Product 1041,Grocery,3.91,5.58
P01042,Product 1042,Clothing,1347.53,1925.04
P01043,Product 1043,Clothing,863.9,1234.14
P01044,Product 1044,Clothing,1115.88,1594.11
P01045,Product 1045,Electronics,1270.91,1815.59
P01046,Product 1046,Furniture,666.33,951.9
P01047,Product 1047,Grocery,1344.06,1920.08
P01048,Product 1048,Furniture,998.23,1426.05
P01049,Product 1049,Electronics,572.79,818.27
P01050,Product 1050,Grocery,663.59,947.99
P01051,Product 1051,Electronics,1357.81,1939.73
P01052,Product 1052,Electronics,217.65,310.93
P01053,Product 1053,Electronics,27.28,38.97
P01054,Product 1054,Clothing,65.67,93.82
P01055,Product 1055,Grocery,992.31,1417.59
P01056,Product 1056,Grocery,974.08,1391.54
P01057,Product 1057,Clothing,1276.67,1823.82
P01058,Product 1058,Electronics,1148.5,1640.72
P01059,Product 1059,Clothing,1043.22,1490.31
P01060,Product 1060,Grocery,1236.39,1766.27
P01061,Product 1061,Electronics,1298.45,1854.93
P01062,Product 1062,Clothing,417.19,595.99
P01063,Product 1063,Grocery,479.04,684.35
P01064,Product 1064,Furniture,401.97,574.24
P01065,Product 1065,Furniture,1177.94,1682.77
P01066,Product 1066,Clothing,690.77,986.82
P01067,Product 1067,Electronics,392.7,561
P01068,Product 1068,Clothing,174.64,249.49
P01069,Product 1069,Clothing,374.14,534.49
P01070,Product 1070,Clothing,1209.49,1727.84
P01071,Product 1071,Furniture,278.55,397.93
P01072,Product 1072,Electronics,801.62,1145.17
P01073,Product 1073,Clothing,603.71,862.44
P01074,Product 1074,Grocery,671.03,958.61
P01075,Product 1075,Furniture,248.77,355.39
P01076,Product 1076,Grocery,276.7,395.28
P01077,Product 1077,Clothing,497.29,710.41
P01078,Product 1078,Clothing,681.95,974.21
P01079,Product 1079,Grocery,388.18,554.54
P01080,Product 1080,Electronics,1257.91,1797.01
P01081,Product 1081,Clothing,1233.43,1762.04
P01082,Product 1082,Clothing,1378.73,1969.62
P01083,Product 1083,Clothing,1185.39,1693.42
P01084,Product 1084,Grocery,1161.22,1658.89
P01085,Product 1085,Electronics,377.94,539.91
P01086,Product 1086,Clothing,22.95,32.78
P01087,Product 1087,Furniture,955.56,1365.09
P01088,Product 1088,Grocery,142.37,203.38
P01089,Product 1089,Furniture,597.82,854.03
P01090,Product 1090,Furniture,896.03,1280.05
P01091,Product 1091,Clothing,619.72,885.31
P01092,Product 1092,Clothing,855.51,1222.16
P01093,Product 1093,Electronics,491.6,702.28
P01094,Product 1094,Furniture,942.11,1345.87
P01095,Product 1095,Clothing,1067.86,1525.52
P01096,Product 1096,Electronics,1166.58,1666.55
P01097,Product 1097,Furniture,733.03,1047.19
P01098,Product 1098,Grocery,821.45,1173.5
P01099,Product 1099,Furniture,1155.12,1650.17
P01100,Product 1100,Clothing,330.64,472.34
P01101,Product 1101,Furniture,1010.02,1442.88
P01102,Product 1102,Electronics,692.43,989.19
P01103,Product 1103,Furniture,1130.72,1615.31
P01104,Product 1104,Clothing,1370.54,1957.92
P01105,Product 1105,Grocery,117.63,168.04
P01106,Product 1106,Electronics,834.67,1192.39
P01107,Product 1107,Grocery,868.08,1240.11
P01108,Product 1108,Electronics,1007.54,1439.35
P01109,Product 1109,Furniture,158.54,226.48
P01110,Product 1110,Clothing,1211.54,1730.77
P01111,Product 1111,Electronics,34.21,48.87
P01112,Product 1112,Clothing,395.47,564.96
P01113,Product 1113,Clothing,864.84,1235.48
P01114,Product 1114,Furniture,1140.46,1629.23
P01115,Product 1115,Furniture,1026.6,1466.57
P01116,Product 1116,Clothing,1350.19,1928.85
P01117,Product 1117,Grocery,1186.72,1695.32
P01118,Product 1118,Electronics,623.57,890.82
P01119,Product 1119,Grocery,549.11,784.44
P01120,Product 1120,Grocery,182.37,260.53
P01121,Product 1121,Electronics,325.84,465.48
P01122,Product 1122,Furniture,297.88,425.54
P01123,Product 1123,Clothing,52.04,74.35
P01124,Product 1124,Grocery,980.64,1400.92
P01125,Product 1125,Electronics,143.5,205
P01126,Product 1126,Electronics,59.05,84.36
P01127,Product 1127,Furniture,398.27,568.96
P01128,Product 1128,Electronics,1220.54,1743.63
P01129,Product 1129,Clothing,780.33,1114.76
P01130,Product 1130,Grocery,1356.49,1937.84
P01131,Product 1131,Electronics,150.41,214.87
P01132,Product 1132,Electronics,465.22,664.6
P01133,Product 1133,Furniture,971.07,1387.25
P01134,Product 1134,Electronics,830.34,1186.2
P01135,Product 1135,Electronics,911.54,1302.2
P01136,Product 1136,Grocery,679.27,970.39
P01137,Product 1137,Electronics,18.55,26.5
P01138,Product 1138,Electronics,7.27,10.38
P01139,Product 1139,Electronics,497.46,710.66
P01140,Product 1140,Grocery,463.85,662.65
P01141,Product 1141,Grocery,231.07,330.1
P01142,Product 1142,Clothing,203.27,290.38
P01143,Product 1143,Electronics,980.48,1400.68
P01144,Product 1144,Electronics,1398.41,1997.73
P01145,Product 1145,Electronics,1163.06,1661.52
P01146,Product 1146,Furniture,1061.37,1516.24
P01147,Product 1147,Electronics,9.21,13.15
P01148,Product 1148,Grocery,4.37,6.24
P01149,Product 1149,Electronics,313.19,447.42
P01150,Product 1150,Clothing,328.09,468.7
P01151,Product 1151,Electronics,228.07,325.81
P01152,Product 1152,Clothing,1009.59,1442.27
P01153,Product 1153,Electronics,632.06,902.94
P01154,Product 1154,Clothing,374.3,534.71
P01155,Product 1155,Grocery,927.44,1324.91
P01156,Product 1156,Grocery,1200.41,1714.87
P01157,Product 1157,Clothing,1206.92,1724.17
P01158,Product 1158,Furniture,1103.77,1576.82
P01159,Product 1159,Furniture,824.63,1178.05
P01160,Product 1160,Electronics,853.71,1219.59
P01161,Product 1161,Clothing,578.81,826.87
P01162,Product 1162,Furniture,1340.89,1915.56
P01163,Product 1163,Electronics,861.9,1231.29
P01164,Product 1164,Grocery,677.02,967.17
P01165,Product 1165,Electronics,256.16,365.95
P01166,Product 1166,Electronics,657.53,939.33
P01167,Product 1167,Grocery,1223.46,1747.8
P01168,Product 1168,Furniture,287.36,410.51
P01169,Product 1169,Furniture,645.74,922.49
P01170,Product 1170,Furniture,347.8,496.86
P01171,Product 1171,Grocery,518.65,740.93
P01172,Product 1172,Electronics,1002.81,1432.58
P01173,Product 1173,Electronics,31.82,45.46
P01174,Product 1174,Electronics,1318,1882.86
P01175,Product 1175,Furniture,425.83,608.33
P01176,Product 1176,Clothing,558.92,798.46
P01177,Product 1177,Furniture,216.62,309.46
P01178,Product 1178,Clothing,747.91,1068.45
P01179,Product 1179,Electronics,755.02,1078.6
P01180,Product 1180,Electronics,1255.26,1793.23
P01181,Product 1181,Furniture,1158.21,1654.59
P01182,Product 1182,Clothing,1126,1608.57
P01183,Product 1183,Furniture,631.01,901.44
P01184,Product 1184,Grocery,1136.84,1624.06
P01185,Product 1185,Grocery,546.1,780.14
P01186,Product 1186,Electronics,1337.44,1910.63
P01187,Product 1187,Clothing,1164.1,1663
P01188,Product 1188,Electronics,853.22,1218.88
P01189,Product 1189,Electronics,575.64,822.34
P01190,Product 1190,Electronics,1164.76,1663.94
P01191,Product 1191,Clothing,1386.94,1981.34
P01192,Product 1192,Grocery,519.77,742.53
P01193,Product 1193,Electronics,432.32,617.6
P01194,Product 1194,Grocery,1216.23,1737.47
P01195,Product 1195,Furniture,1266.78,1809.69
P01196,Product 1196,Grocery,854.54,1220.77
P01197,Product 1197,Grocery,783.51,1119.3
P01198,Product 1198,Electronics,308.62,440.88
P01199,Product 1199,Furniture,516.85,738.36
P01200,Product 1200,Electronics,1289.8,1842.57
P01201,Product 1201,Clothing,900.72,1286.74
P01202,Product 1202,Furniture,914.53,1306.47
P01203,Product 1203,Clothing,432.2,617.43
P01204,Product 1204,Grocery,554.71,792.44
P01205,Product 1205,Electronics,1072.2,1531.71
P01206,Product 1206,Electronics,876.81,1252.59
P01207,Product 1207,Electronics,1269.59,1813.7
P01208,Product 1208,Electronics,711.29,1016.13
P01209,Product 1209,Clothing,359.97,514.24
P01210,Product 1210,Grocery,1237.53,1767.9
P01211,Product 1211,Grocery,696.39,994.84
P01212,Product 1212,Grocery,843.48,1204.97
P01213,Product 1213,Electronics,848.89,1212.7
P01214,Product 1214,Grocery,1340.33,1914.76
P01215,Product 1215,Clothing,1158.17,1654.53
P01216,Product 1216,Furniture,1076.61,1538.01
P01217,Product 1217,Grocery,209.34,299.06
P01218,Product 1218,Furniture,112.57,160.82
P01219,Product 1219,Grocery,831.45,1187.79
P01220,Product 1220,Electronics,909.85,1299.79
P01221,Product 1221,Furniture,595.08,850.11
P01222,Product 1222,Clothing,403.02,575.75
P01223,Product 1223,Clothing,208.96,298.52
P01224,Product 1224,Furniture,769.85,1099.79
P01225,Product 1225,Clothing,1379.84,1971.2
P01226,Product 1226,Furniture,497.55,710.78
P01227,Product 1227,Clothing,1010.32,1443.32
P01228,Product 1228,Furniture,409.4,584.86
P01229,Product 1229,Furniture,123.4,176.29
P01230,Product 1230,Grocery,448.92,641.31
P01231,Product 1231,Electronics,1284.84,1835.48
P01232,Product 1232,Furniture,938.04,1340.06
P01233,Product 1233,Grocery,693.53,990.76
P01234,Product 1234,Clothing,278.45,397.79
P01235,Product 1235,Electronics,1130.26,1614.66
P01236,Product 1236,Clothing,817.13,1167.33
P01237,Product 1237,Clothing,704.77,1006.81
P01238,Product 1238,Electronics,176.62,252.32
P01239,Product 1239,Clothing,476.86,681.23
P01240,Product 1240,Clothing,787.37,1124.81
P01241,Product 1241,Electronics,855.85,1222.64
P01242,Product 1242,Grocery,164.4,234.86
P01243,Product 1243,Electronics,593.17,847.38
P01244,Product 1244,Furniture,83.16,118.8
P01245,Product 1245,Electronics,440.18,628.83
P01246,Product 1246,Electronics,209.5,299.28
P01247,Product 1247,Grocery,213.97,305.67
P01248,Product 1248,Electronics,97.11,138.73
P01249,Product 1249,Clothing,513.38,733.4
P01250,Product 1250,Clothing,899.33,1284.76
P01251,Product 1251,Grocery,1230.15,1757.36
P01252,Product 1252,Clothing,284.26,406.08
P01253,Product 1253,Furniture,640.04,914.34
P01254,Product 1254,Clothing,522.34,746.2
P01255,Product 1255,Clothing,1174.86,1678.37
P01256,Product 1256,Furniture,891.56,1273.66
P01257,Product 1257,Furniture,590.88,844.11
P01258,Product 1258,Electronics,571.35,816.22
P01259,Product 1259,Electronics,599.26,856.08
P01260,Product 1260,Electronics,1049.36,1499.08
P01261,Product 1261,Furniture,839.06,1198.65
P01262,Product 1262,Furniture,1056.43,1509.18
P01263,Product 1263,Grocery,1162.65,1660.93
P01264,Product 1264,Grocery,94.61,135.16
P01265,Product 1265,Clothing,132.73,189.62
P01266,Product 1266,Electronics,689.48,984.97
P01267,Product 1267,Electronics,436.07,622.96
P01268,Product 1268,Electronics,349.97,499.96
P01269,Product 1269,Clothing,611.85,874.07
P01270,Product 1270,Furniture,536.19,765.98
P01271,Product 1271,Furniture,76.51,109.3
P01272,Product 1272,Furniture,403.27,576.1
P01273,Product 1273,Clothing,579.7,828.14
P01274,Product 1274,Electronics,922.75,1318.22
P01275,Product 1275,Furniture,172.01,245.73
P01276,Product 1276,Electronics,1338.39,1911.99
P01277,Product 1277,Furniture,745.38,1064.83
P01278,Product 1278,Electronics,575.32,821.88
P01279,Product 1279,Furniture,1395.45,1993.5
P01280,Product 1280,Grocery,898.69,1283.84
P01281,Product 1281,Grocery,988.06,1411.52
P01282,Product 1282,Clothing,221.09,315.85
P01283,Product 1283,Furniture,1322.13,1888.76
P01284,Product 1284,Electronics,658.18,940.26
P01285,Product 1285,Clothing,129.39,184.84
P01286,Product 1286,Clothing,1000.09,1428.7
P01287,Product 1287,Furniture,541.12,773.03
P01288,Product 1288,Furniture,472.87,675.53
P01289,Product 1289,Electronics,1038.14,1483.06
P01290,Product 1290,Clothing,622.07,888.67
P01291,Product 1291,Furniture,24.49,34.99
P01292,Product 1292,Grocery,1150.64,1643.77
P01293,Product 1293,Electronics,239.38,341.97
P01294,Product 1294,Clothing,594.03,848.61
P01295,Product 1295,Grocery,289.72,413.88
P01296,Product 1296,Grocery,1008.16,1440.23
P01297,Product 1297,Grocery,550.21,786.01
P01298,Product 1298,Electronics,1185.34,1693.35
P01299,Product 1299,Grocery,833.57,1190.81
P01300,Product 1300,Clothing,213.07,304.38
P01301,Product 1301,Grocery,1094.94,1564.2
P01302,Product 1302,Grocery,802.7,1146.72
P01303,Product 1303,Electronics,1099.81,1571.16
P01304,Product 1304,Clothing,1220.27,1743.25
P01305,Product 1305,Electronics,120.88,172.69
P01306,Product 1306,Furniture,57.62,82.32
P01307,Product 1307,Clothing,767.75,1096.78
P01308,Product 1308,Clothing,1361.77,1945.38
P01309,Product 1309,Electronics,1384.25,1977.5
P01310,Product 1310,Grocery,1177.83,1682.62
P01311,Product 1311,Clothing,27.69,39.56
P01312,Product 1312,Grocery,865.82,1236.88
P01313,Product 1313,Furniture,930.72,1329.6
P01314,Product 1314,Grocery,339.23,484.61
P01315,Product 1315,Furniture,1211.38,1730.54
P01316,Product 1316,Grocery,1366.25,1951.78
P01317,Product 1317,Clothing,1148.97,1641.38
P01318,Product 1318,Clothing,352.81,504.01
P01319,Product 1319,Furniture,32.64,46.63
P01320,Product 1320,Furniture,1264.21,1806.01
P01321,Product 1321,Grocery,852.12,1217.31
P01322,Product 1322,Electronics,1386.95,1981.36
P01323,Product 1323,Electronics,1239.25,1770.36
P01324,Product 1324,Furniture,560.27,800.39
P01325,Product 1325,Electronics,1209.32,1727.6
P01326,Product 1326,Grocery,791.76,1131.08
P01327,Product 1327,Clothing,819.31,1170.44
P01328,Product 1328,Clothing,1090.08,1557.26
P01329,Product 1329,Grocery,650.65,929.5
P01330,Product 1330,Electronics,39.52,56.45
P01331,Product 1331,Furniture,1195.29,1707.56
P01332,Product 1332,Grocery,72.65,103.78
P01333,Product 1333,Grocery,1252.4,1789.14
P01334,Product 1334,Clothing,1185.72,1693.89
P01335,Product 1335,Clothing,793.42,1133.46
P01336,Product 1336,Grocery,5.12,7.31
P01337,Product 1337,Electronics,50.16,71.65
P01338,Product 1338,Furniture,451.19,644.56
P01339,Product 1339,Grocery,473.08,675.83
P01340,Product 1340,Grocery,807.51,1153.58
P01341,Product 1341,Grocery,899.93,1285.61
P01342,Product 1342,Grocery,281.97,402.82
P01343,Product 1343,Clothing,1194.47,1706.38
P01344,Product 1344,Grocery,654.93,935.62
P01345,Product 1345,Grocery,355.77,508.25
P01346,Product 1346,Electronics,1226.53,1752.18
P01347,Product 1347,Grocery,805.78,1151.11
P01348,Product 1348,Furniture,977.32,1396.17
P01349,Product 1349,Clothing,711.65,1016.65
P01350,Product 1350,Electronics,1290.83,1844.05
P01351,Product 1351,Electronics,1140.51,1629.3
P01352,Product 1352,Grocery,965.08,1378.68
P01353,Product 1353,Furniture,1019.39,1456.27
P01354,Product 1354,Electronics,1375.86,1965.52
P01355,Product 1355,Grocery,518.43,740.61
P01356,Product 1356,Furniture,73.65,105.21
P01357,Product 1357,Grocery,468.09,668.7
P01358,Product 1358,Grocery,1117.95,1597.07
P01359,Product 1359,Clothing,859.66,1228.09
P01360,Product 1360,Grocery,756.5,1080.72
P01361,Product 1361,Electronics,910.16,1300.23
P01362,Product 1362,Clothing,166.14,237.35
P01363,Product 1363,Grocery,11.68,16.68
P01364,Product 1364,Electronics,838.01,1197.16
P01365,Product 1365,Electronics,345.83,494.04
P01366,Product 1366,Electronics,1022.34,1460.49
P01367,Product 1367,Electronics,1394.55,1992.22
P01368,Product 1368,Clothing,1214.71,1735.3
P01369,Product 1369,Clothing,132.57,189.39
P01370,Product 1370,Furniture,781.39,1116.27
P01371,Product 1371,Grocery,628.35,897.65
P01372,Product 1372,Grocery,42.33,60.47
P01373,Product 1373,Grocery,736.6,1052.28
P01374,Product 1374,Electronics,90.08,128.69
P01375,Product 1375,Grocery,56.94,81.35
P01376,Product 1376,Furniture,1030.7,1472.43
P01377,Product 1377,Electronics,590.44,843.48
P01378,Product 1378,Clothing,1253.17,1790.24
P01379,Product 1379,Grocery,827.35,1181.93
P01380,Product 1380,Grocery,906.74,1295.35
P01381,Product 1381,Grocery,573.37,819.1
P01382,Product 1382,Clothing,139.48,199.26
P01383,Product 1383,Clothing,98.99,141.41
P01384,Product 1384,Electronics,996.01,1422.87
P01385,Product 1385,Furniture,691.03,987.19
P01386,Product 1386,Furniture,648.87,926.95
P01387,Product 1387,Electronics,556.59,795.13
P01388,Product 1388,Grocery,893.5,1276.43
P01389,Product 1389,Grocery,829.94,1185.63
P01390,Product 1390,Furniture,1279.13,1827.33
P01391,Product 1391,Electronics,1114.08,1591.55
P01392,Product 1392,Furniture,1321.16,1887.37
P01393,Product 1393,Electronics,444.16,634.51
P01394,Product 1394,Grocery,588.54,840.77
P01395,Product 1395,Grocery,1397.96,1997.08
P01396,Product 1396,Clothing,321.57,459.39
P01397,Product 1397,Electronics,1295.17,1850.24
P01398,Product 1398,Grocery,885.47,1264.96
P01399,Product 1399,Electronics,562.61,803.73
P01400,Product 1400,Clothing,977.09,1395.84
P01401,Product 1401,Furniture,1355.87,1936.95
P01402,Product 1402,Electronics,943.51,1347.87
P01403,Product 1403,Clothing,1021.58,1459.4
P01404,Product 1404,Clothing,802.16,1145.95
P01405,Product 1405,Grocery,852.96,1218.51
P01406,Product 1406,Electronics,400.65,572.36
P01407,Product 1407,Electronics,534.42,763.46
P01408,Product 1408,Clothing,755.66,1079.52
P01409,Product 1409,Grocery,1098.12,1568.75
P01410,Product 1410,Electronics,674.41,963.44
P01411,Product 1411,Clothing,625.58,893.68
P01412,Product 1412,Electronics,1297.44,1853.48
P01413,Product 1413,Grocery,805.48,1150.68
P01414,Product 1414,Grocery,1357.1,1938.71
P01415,Product 1415,Electronics,1149.17,1641.67
P01416,Product 1416,Furniture,6.94,9.92
P01417,Product 1417,Electronics,1282.13,1831.62
P01418,Product 1418,Grocery,951.77,1359.67
P01419,Product 1419,Furniture,766.44,1094.91
P01420,Product 1420,Clothing,312.04,445.77
P01421,Product 1421,Furniture,535.37,764.82
P01422,Product 1422,Clothing,503.27,718.96
P01423,Product 1423,Grocery,349.02,498.6
P01424,Product 1424,Furniture,524.31,749.02
P01425,Product 1425,Grocery,759.42,1084.88
P01426,Product 1426,Grocery,724.23,1034.61
P01427,Product 1427,Electronics,1326.44,1894.92
P01428,Product 1428,Clothing,1338.19,1911.7
P01429,Product 1429,Furniture,1393.93,1991.33
P01430,Product 1430,Electronics,356.85,509.79
P01431,Product 1431,Furniture,1122.74,1603.92
P01432,Product 1432,Furniture,1306.17,1865.96
P01433,Product 1433,Furniture,27.31,39.02
P01434,Product 1434,Grocery,17.29,24.7
P01435,Product 1435,Electronics,955.72,1365.31
P01436,Product 1436,Furniture,850.61,1215.15
P01437,Product 1437,Clothing,23.23,33.19
P01438,Product 1438,Electronics,715.95,1022.79
P01439,Product 1439,Clothing,1054.35,1506.21
P01440,Product 1440,Grocery,545.03,778.62
P01441,Product 1441,Grocery,1084.15,1548.78
P01442,Product 1442,Furniture,41.66,59.51
P01443,Product 1443,Electronics,187.5,267.85
P01444,Product 1444,Electronics,644.27,920.39
P01445,Product 1445,Electronics,1173.33,1676.18
P01446,Product 1446,Grocery,1277.07,1824.38
P01447,Product 1447,Electronics,201.96,288.52
P01448,Product 1448,Electronics,517.53,739.33
P01449,Product 1449,Electronics,305.62,436.6
P01450,Product 1450,Grocery,394.94,564.2
P01451,Product 1451,Furniture,280.2,400.28
P01452,Product 1452,Grocery,1175.19,1678.84
P01453,Product 1453,Electronics,1094.26,1563.23
P01454,Product 1454,Grocery,504.01,720.02
P01455,Product 1455,Furniture,850.65,1215.22
P01456,Product 1456,Grocery,162.78,232.54
P01457,Product 1457,Furniture,269.08,384.4
P01458,Product 1458,Furniture,1332.81,1904.02
P01459,Product 1459,Electronics,1261.92,1802.75
P01460,Product 1460,Electronics,658.95,941.36
P01461,Product 1461,Grocery,297.37,424.81
P01462,Product 1462,Grocery,635.67,908.1
P01463,Product 1463,Clothing,601.41,859.16
P01464,Product 1464,Grocery,635.89,908.42
P01465,Product 1465,Grocery,1026.1,1465.86
P01466,Product 1466,Electronics,1168.66,1669.51
P01467,Product 1467,Clothing,150.11,214.45
P01468,Product 1468,Electronics,678.44,969.2
P01469,Product 1469,Grocery,624.7,892.43
P01470,Product 1470,Clothing,133.17,190.25
P01471,Product 1471,Furniture,51.19,73.13
P01472,Product 1472,Furniture,15.76,22.52
P01473,Product 1473,Grocery,930.78,1329.68
P01474,Product 1474,Furniture,232.67,332.39
P01475,Product 1475,Furniture,1234.2,1763.14
P01476,Product 1476,Clothing,1264.52,1806.46
P01477,Product 1477,Electronics,1316.5,1880.71
P01478,Product 1478,Furniture,710,1014.28
P01479,Product 1479,Grocery,396.36,566.23
P01480,Product 1480,Clothing,1353.71,1933.87
P01481,Product 1481,Electronics,697.34,996.2
P01482,Product 1482,Grocery,24.24,34.63
P01483,Product 1483,Furniture,58.73,83.9
P01484,Product 1484,Electronics,1304.42,1863.46
P01485,Product 1485,Grocery,1004.97,1435.67
P01486,Product 1486,Grocery,810.19,1157.42
P01487,Product 1487,Grocery,603.85,862.64
P01488,Product 1488,Furniture,694.34,991.91
P01489,Product 1489,Electronics,1177.99,1682.85
P01490,Product 1490,Electronics,704.21,1006.02
P01491,Product 1491,Electronics,188.08,268.68
P01492,Product 1492,Electronics,180.45,257.78
P01493,Product 1493,Furniture,1190.87,1701.24
P01494,Product 1494,Electronics,220.72,315.32
P01495,Product 1495,Grocery,1012.63,1446.61
P01496,Product 1496,Furniture,702.23,1003.19
P01497,Product 1497,Electronics,1284.67,1835.24
P01498,Product 1498,Clothing,278.8,398.29
P01499,Product 1499,Grocery,630.91,901.3
P01500,Product 1500,Electronics,1259.91,1799.87
P01501,Product 1501,Grocery,575.92,822.74
P01502,Product 1502,Electronics,856.23,1223.18
P01503,Product 1503,Furniture,731.14,1044.49
P01504,Product 1504,Grocery,771.09,1101.56
P01505,Product 1505,Furniture,58.94,84.2
P01506,Product 1506,Grocery,1049.06,1498.65
P01507,Product 1507,Furniture,345.82,494.03
P01508,Product 1508,Grocery,793.34,1133.35
P01509,Product 1509,Grocery,597.83,854.04
P01510,Product 1510,Clothing,1325.74,1893.91
P01511,Product 1511,Furniture,999.89,1428.41
P01512,Product 1512,Clothing,498.96,712.8
P01513,Product 1513,Furniture,1267.24,1810.35
P01514,Product 1514,Clothing,333.07,475.82
P01515,Product 1515,Clothing,1254.41,1792.02
P01516,Product 1516,Electronics,795.61,1136.59
P01517,Product 1517,Furniture,627.42,896.31
P01518,Product 1518,Clothing,26.61,38.01
P01519,Product 1519,Clothing,55.51,79.3
P01520,Product 1520,Furniture,572.62,818.03
P01521,Product 1521,Grocery,981.35,1401.93
P01522,Product 1522,Grocery,1075.33,1536.18
P01523,Product 1523,Clothing,1338.73,1912.47
P01524,Product 1524,Clothing,946.13,1351.62
P01525,Product 1525,Grocery,162.78,232.55
P01526,Product 1526,Grocery,499.17,713.1
P01527,Product 1527,Clothing,383.25,547.5
P01528,Product 1528,Furniture,288.92,412.74
P01529,Product 1529,Electronics,1166.34,1666.2
P01530,Product 1530,Furniture,975.9,1394.15
P01531,Product 1531,Grocery,151.92,217.03
P01532,Product 1532,Electronics,1014.54,1449.35
P01533,Product 1533,Clothing,6.85,9.79
P01534,Product 1534,Electronics,1291.32,1844.75
P01535,Product 1535,Electronics,408.5,583.57
P01536,Product 1536,Electronics,1176.95,1681.36
P01537,Product 1537,Grocery,28.99,41.42
P01538,Product 1538,Electronics,431.04,615.77
P01539,Product 1539,Clothing,1343.46,1919.23
P01540,Product 1540,Furniture,1287.94,1839.92
P01541,Product 1541,Grocery,110.76,158.23
P01542,Product 1542,Grocery,182.25,260.35
P01543,Product 1543,Electronics,878.49,1254.98
P01544,Product 1544,Furniture,863.83,1234.04
P01545,Product 1545,Furniture,390.88,558.4
P01546,Product 1546,Furniture,282.23,403.18
P01547,Product 1547,Grocery,300.78,429.69
P01548,Product 1548,Electronics,391.19,558.85
P01549,Product 1549,Grocery,723.28,1033.26
P01550,Product 1550,Grocery,915.56,1307.94
P01551,Product 1551,Grocery,659.27,941.82
P01552,Product 1552,Clothing,304.35,434.79
P01553,Product 1553,Electronics,1209.76,1728.23
P01554,Product 1554,Grocery,1278.4,1826.29
P01555,Product 1555,Furniture,205.79,293.98
P01556,Product 1556,Furniture,229.15,327.36
P01557,Product 1557,Clothing,119.22,170.31
P01558,Product 1558,Grocery,1265.4,1807.72
P01559,Product 1559,Clothing,794.13,1134.47
P01560,Product 1560,Furniture,1137.17,1624.53
P01561,Product 1561,Clothing,834.29,1191.84
P01562,Product 1562,Electronics,1284.79,1835.41
P01563,Product 1563,Electronics,894.77,1278.25
P01564,Product 1564,Furniture,712.62,1018.03
P01565,Product 1565,Electronics,1189.41,1699.16
P01566,Product 1566,Furniture,1390.68,1986.68
P01567,Product 1567,Clothing,454.75,649.64
P01568,Product 1568,Grocery,201.03,287.18
P01569,Product 1569,Electronics,908.17,1297.38
P01570,Product 1570,Furniture,892.3,1274.71
P01571,Product 1571,Clothing,859.24,1227.48
P01572,Product 1572,Clothing,198.38,283.4
P01573,Product 1573,Grocery,149.76,213.95
P01574,Product 1574,Electronics,1353.76,1933.95
P01575,Product 1575,Grocery,1230.07,1757.24
P01576,Product 1576,Grocery,1000.07,1428.67
P01577,Product 1577,Grocery,935.75,1336.79
P01578,Product 1578,Grocery,417.7,596.71
P01579,Product 1579,Grocery,137.54,196.49
P01580,Product 1580,Grocery,763.42,1090.6
P01581,Product 1581,Clothing,381.62,545.17
P01582,Product 1582,Clothing,35.28,50.4
P01583,Product 1583,Electronics,319.29,456.13
P01584,Product 1584,Clothing,1076.94,1538.48
P01585,Product 1585,Clothing,993.2,1418.86
P01586,Product 1586,Electronics,365.83,522.61
P01587,Product 1587,Grocery,988.68,1412.4
P01588,Product 1588,Furniture,535.08,764.4
P01589,Product 1589,Grocery,908.5,1297.86
P01590,Product 1590,Furniture,930.51,1329.3
P01591,Product 1591,Furniture,289.16,413.09
P01592,Product 1592,Furniture,229.35,327.64
P01593,Product 1593,Electronics,1328.3,1897.57
P01594,Product 1594,Furniture,120.32,171.88
P01595,Product 1595,Electronics,936.78,1338.26
P01596,Product 1596,Furniture,736.61,1052.3
P01597,Product 1597,Grocery,348.2,497.43
P01598,Product 1598,Electronics,1296.82,1852.6
P01599,Product 1599,Electronics,137.59,196.55
P01600,Product 1600,Clothing,808.14,1154.49
P01601,Product 1601,Electronics,962.14,1374.48
P01602,Product 1602,Clothing,1389.36,1984.8
P01603,Product 1603,Electronics,533.34,761.92
P01604,Product 1604,Furniture,686.59,980.84
P01605,Product 1605,Clothing,979.21,1398.87
P01606,Product 1606,Grocery,164.63,235.19
P01607,Product 1607,Grocery,484.61,692.3
P01608,Product 1608,Furniture,1005.7,1436.71
P01609,Product 1609,Electronics,873.12,1247.31
P01610,Product 1610,Electronics,793.05,1132.93
P01611,Product 1611,Clothing,214.13,305.9
P01612,Product 1612,Furniture,1217.85,1739.78
P01613,Product 1613,Furniture,301.56,430.8
P01614,Product 1614,Clothing,1277.98,1825.68
P01615,Product 1615,Clothing,1346.88,1924.12
P01616,Product 1616,Furniture,457.51,653.58
P01617,Product 1617,Clothing,474.65,678.07
P01618,Product 1618,Furniture,630.76,901.09
P01619,Product 1619,Electronics,266.11,380.16
P01620,Product 1620,Electronics,88.62,126.6
P01621,Product 1621,Clothing,1180.99,1687.13
P01622,Product 1622,Clothing,742.15,1060.22
P01623,Product 1623,Clothing,1093.31,1561.87
P01624,Product 1624,Furniture,1374.45,1963.5
P01625,Product 1625,Clothing,1014.38,1449.12
P01626,Product 1626,Clothing,653.79,933.99
P01627,Product 1627,Electronics,122.63,175.18
P01628,Product 1628,Electronics,1159.77,1656.81
P01629,Product 1629,Furniture,109.44,156.35
P01630,Product 1630,Clothing,876.46,1252.09
P01631,Product 1631,Furniture,758.98,1084.26
P01632,Product 1632,Furniture,617.6,882.29
P01633,Product 1633,Clothing,588.53,840.76
P01634,Product 1634,Electronics,1270.04,1814.34
P01635,Product 1635,Clothing,522,745.72
P01636,Product 1636,Clothing,713.86,1019.8
P01637,Product 1637,Furniture,716.51,1023.58
P01638,Product 1638,Clothing,733.34,1047.63
P01639,Product 1639,Grocery,226.09,322.98
P01640,Product 1640,Furniture,230.05,328.64
P01641,Product 1641,Furniture,948.46,1354.95
P01642,Product 1642,Grocery,876.11,1251.59
P01643,Product 1643,Grocery,645.66,922.37
P01644,Product 1644,Clothing,1186.31,1694.73
P01645,Product 1645,Electronics,452.66,646.66
P01646,Product 1646,Grocery,127.34,181.91
P01647,Product 1647,Furniture,1050.25,1500.36
P01648,Product 1648,Clothing,1055.01,1507.15
P01649,Product 1649,Electronics,248.23,354.62
P01650,Product 1650,Clothing,4.23,6.04
P01651,Product 1651,Clothing,593.07,847.25
P01652,Product 1652,Electronics,557.26,796.08
P01653,Product 1653,Electronics,1235.35,1764.78
P01654,Product 1654,Furniture,1357.43,1939.18
P01655,Product 1655,Grocery,565.97,808.53
P01656,Product 1656,Grocery,1373.2,1961.72
P01657,Product 1657,Furniture,1345.25,1921.79
P01658,Product 1658,Electronics,1081.72,1545.31
P01659,Product 1659,Furniture,103.57,147.96
P01660,Product 1660,Clothing,1257.39,1796.27
P01661,Product 1661,Furniture,724.77,1035.39
P01662,Product 1662,Grocery,929.21,1327.44
P01663,Product 1663,Furniture,341.67,488.1
P01664,Product 1664,Electronics,272.69,389.55
P01665,Product 1665,Grocery,911.15,1301.65
P01666,Product 1666,Grocery,953.26,1361.8
P01667,Product 1667,Clothing,1331.62,1902.31
P01668,Product 1668,Clothing,897.08,1281.54
P01669,Product 1669,Grocery,1254.1,1791.57
P01670,Product 1670,Furniture,613.51,876.44
P01671,Product 1671,Grocery,405.17,578.81
P01672,Product 1672,Grocery,1239.65,1770.93
P01673,Product 1673,Clothing,684.53,977.9
P01674,Product 1674,Clothing,761.16,1087.37
P01675,Product 1675,Grocery,84.76,121.08
P01676,Product 1676,Furniture,655.59,936.56
P01677,Product 1677,Electronics,441.93,631.33
P01678,Product 1678,Furniture,91.8,131.14
P01679,Product 1679,Furniture,754.02,1077.17
P01680,Product 1680,Clothing,61.1,87.28
P01681,Product 1681,Furniture,1198.63,1712.33
P01682,Product 1682,Furniture,682.47,974.95
P01683,Product 1683,Electronics,675.16,964.51
P01684,Product 1684,Electronics,581.69,830.98
P01685,Product 1685,Electronics,703.39,1004.84
P01686,Product 1686,Furniture,98.69,140.98
P01687,Product 1687,Clothing,729.74,1042.48
P01688,Product 1688,Furniture,91.68,130.97
P01689,Product 1689,Clothing,33.42,47.74
P01690,Product 1690,Grocery,708.05,1011.5
P01691,Product 1691,Furniture,755.85,1079.79
P01692,Product 1692,Grocery,1352.83,1932.61
P01693,Product 1693,Electronics,872.51,1246.44
P01694,Product 1694,Clothing,248.06,354.37
P01695,Product 1695,Clothing,363.6,519.43
P01696,Product 1696,Electronics,465.66,665.23
P01697,Product 1697,Grocery,1339.28,1913.26
P01698,Product 1698,Electronics,131.62,188.03
P01699,Product 1699,Furniture,653.35,933.35
P01700,Product 1700,Furniture,54.11,77.3
P01701,Product 1701,Furniture,963.33,1376.19
P01702,Product 1702,Grocery,768,1097.14
P01703,Product 1703,Electronics,48.19,68.84
P01704,Product 1704,Furniture,1182.65,1689.5
P01705,Product 1705,Grocery,210.59,300.84
P01706,Product 1706,Electronics,352.46,503.52
P01707,Product 1707,Electronics,1271.91,1817.01
P01708,Product 1708,Grocery,378.22,540.31
P01709,Product 1709,Furniture,856.32,1223.32
P01710,Product 1710,Electronics,1121.69,1602.42
P01711,Product 1711,Furniture,135.24,193.2
P01712,Product 1712,Electronics,812.03,1160.04
P01713,Product 1713,Furniture,1136.93,1624.19
P01714,Product 1714,Electronics,1358.87,1941.24
P01715,Product 1715,Grocery,698,997.14
P01716,Product 1716,Grocery,214.75,306.78
P01717,Product 1717,Electronics,1303.94,1862.77
P01718,Product 1718,Grocery,69.1,98.71
P01719,Product 1719,Furniture,193.55,276.5
P01720,Product 1720,Clothing,592.04,845.77
P01721,Product 1721,Grocery,98.85,141.21
P01722,Product 1722,Grocery,1375.84,1965.48
P01723,Product 1723,Clothing,390.03,557.19
P01724,Product 1724,Grocery,654.6,935.14
P01725,Product 1725,Electronics,909.63,1299.47
P01726,Product 1726,Furniture,511.17,730.25
P01727,Product 1727,Electronics,1222.28,1746.12
P01728,Product 1728,Electronics,88.23,126.05
P01729,Product 1729,Clothing,1020.06,1457.23
P01730,Product 1730,Grocery,954.95,1364.22
P01731,Product 1731,Clothing,974.82,1392.6
P01732,Product 1732,Clothing,39.7,56.71
P01733,Product 1733,Electronics,1367.55,1953.64
P01734,Product 1734,Furniture,760.74,1086.77
P01735,Product 1735,Grocery,134.62,192.32
P01736,Product 1736,Furniture,720.82,1029.75
P01737,Product 1737,Grocery,1179.63,1685.18
P01738,Product 1738,Grocery,180.48,257.83
P01739,Product 1739,Grocery,955.66,1365.23
P01740,Product 1740,Grocery,704.51,1006.45
P01741,Product 1741,Electronics,745.38,1064.83
P01742,Product 1742,Electronics,782.47,1117.81
P01743,Product 1743,Furniture,88.2,126
P01744,Product 1744,Clothing,562.94,804.2
P01745,Product 1745,Grocery,1034.47,1477.82
P01746,Product 1746,Electronics,649.98,928.54
P01747,Product 1747,Grocery,748.22,1068.88
P01748,Product 1748,Clothing,200.13,285.9
P01749,Product 1749,Furniture,358.27,511.82
P01750,Product 1750,Furniture,464.88,664.12
P01751,Product 1751,Electronics,1127.77,1611.1
P01752,Product 1752,Clothing,743.08,1061.54
P01753,Product 1753,Furniture,1318.81,1884.02
P01754,Product 1754,Furniture,992.9,1418.43
P01755,Product 1755,Grocery,492.82,704.03
P01756,Product 1756,Furniture,890.01,1271.45
P01757,Product 1757,Clothing,718.8,1026.86
P01758,Product 1758,Furniture,737.41,1053.44
P01759,Product 1759,Grocery,622.11,888.73
P01760,Product 1760,Clothing,1387.8,1982.57
P01761,Product 1761,Clothing,1359.85,1942.64
P01762,Product 1762,Furniture,322.21,460.3
P01763,Product 1763,Grocery,82.8,118.28
P01764,Product 1764,Clothing,711.45,1016.36
P01765,Product 1765,Furniture,1335.18,1907.4
P01766,Product 1766,Furniture,813.2,1161.72
P01767,Product 1767,Electronics,668.31,954.73
P01768,Product 1768,Grocery,1111.2,1587.43
P01769,Product 1769,Furniture,1128.06,1611.51
P01770,Product 1770,Clothing,376.22,537.45
P01771,Product 1771,Furniture,202.96,289.95
P01772,Product 1772,Grocery,1019.57,1456.53
P01773,Product 1773,Clothing,389.65,556.65
P01774,Product 1774,Electronics,333.77,476.82
P01775,Product 1775,Electronics,335.64,479.49
P01776,Product 1776,Grocery,1388.39,1983.41
P01777,Product 1777,Grocery,1356.1,1937.29
P01778,Product 1778,Grocery,993.71,1419.59
P01779,Product 1779,Grocery,1112.75,1589.65
P01780,Product 1780,Electronics,459.22,656.03
P01781,Product 1781,Grocery,659.26,941.8
P01782,Product 1782,Furniture,893.77,1276.82
P01783,Product 1783,Grocery,938.48,1340.69
P01784,Product 1784,Clothing,535.86,765.51
P01785,Product 1785,Furniture,901.88,1288.4
P01786,Product 1786,Furniture,108.91,155.58
P01787,Product 1787,Clothing,294.95,421.36
P01788,Product 1788,Grocery,879.79,1256.85
P01789,Product 1789,Grocery,879.89,1256.99
P01790,Product 1790,Furniture,371.49,530.7
P01791,Product 1791,Electronics,48.21,68.87
P01792,Product 1792,Clothing,361.06,515.8
P01793,Product 1793,Electronics,463.83,662.61
P01794,Product 1794,Clothing,249.77,356.81
P01795,Product 1795,Furniture,1236.15,1765.93
P01796,Product 1796,Electronics,335.61,479.44
P01797,Product 1797,Furniture,277.05,395.78
P01798,Product 1798,Furniture,599.76,856.8
P01799,Product 1799,Electronics,1058.65,1512.36
P01800,Product 1800,Furniture,1364.43,1949.19
P01801,Product 1801,Electronics,399.6,570.86
P01802,Product 1802,Clothing,578.29,826.13
P01803,Product 1803,Furniture,1242.14,1774.48
P01804,Product 1804,Grocery,1045.65,1493.78
P01805,Product 1805,Electronics,1013.82,1448.31
P01806,Product 1806,Electronics,600.93,858.47
P01807,Product 1807,Grocery,726.03,1037.19
P01808,Product 1808,Furniture,617.35,881.93
P01809,Product 1809,Furniture,574.56,820.8
P01810,Product 1810,Electronics,1363.51,1947.87
P01811,Product 1811,Grocery,1298.84,1855.48
P01812,Product 1812,Furniture,612.36,874.8
P01813,Product 1813,Grocery,1342.05,1917.21
P01814,Product 1814,Electronics,262.54,375.06
P01815,Product 1815,Grocery,1002.96,1432.8
P01816,Product 1816,Furniture,688.2,983.15
P01817,Product 1817,Grocery,133.88,191.26
P01818,Product 1818,Grocery,1153.24,1647.48
P01819,Product 1819,Electronics,979.27,1398.96
P01820,Product 1820,Electronics,1357.8,1939.72
P01821,Product 1821,Clothing,1169.88,1671.26
P01822,Product 1822,Electronics,294.9,421.28
P01823,Product 1823,Electronics,378.17,540.24
P01824,Product 1824,Furniture,854.89,1221.27
P01825,Product 1825,Electronics,719.47,1027.81
P01826,Product 1826,Furniture,1243.36,1776.23
P01827,Product 1827,Electronics,1254.43,1792.04
P01828,Product 1828,Electronics,783.64,1119.48
P01829,Product 1829,Grocery,1311.02,1872.89
P01830,Product 1830,Grocery,420.27,600.38
P01831,Product 1831,Clothing,993.49,1419.27
P01832,Product 1832,Grocery,1270.61,1815.15
P01833,Product 1833,Furniture,1000.5,1429.28
P01834,Product 1834,Grocery,825.78,1179.68
P01835,Product 1835,Clothing,404.76,578.23
P01836,Product 1836,Electronics,506.89,724.13
P01837,Product 1837,Furniture,937.66,1339.52
P01838,Product 1838,Electronics,167.18,238.83
P01839,Product 1839,Electronics,566.84,809.77
P01840,Product 1840,Electronics,57.25,81.79
P01841,Product 1841,Grocery,530.52,757.88
P01842,Product 1842,Furniture,15.77,22.53
P01843,Product 1843,Grocery,1216.86,1738.37
P01844,Product 1844,Electronics,1120.01,1600.01
P01845,Product 1845,Grocery,196.68,280.97
P01846,Product 1846,Electronics,1387.92,1982.75
P01847,Product 1847,Clothing,947.13,1353.04
P01848,Product 1848,Clothing,1291.37,1844.82
P01849,Product 1849,Electronics,940.91,1344.16
P01850,Product 1850,Furniture,691.84,988.34
P01851,Product 1851,Clothing,942.68,1346.69
P01852,Product 1852,Furniture,336.78,481.12
P01853,Product 1853,Furniture,813.84,1162.63
P01854,Product 1854,Clothing,125.62,179.46
P01855,Product 1855,Clothing,261.93,374.19
P01856,Product 1856,Electronics,178,254.28
P01857,Product 1857,Furniture,554.93,792.76
P01858,Product 1858,Furniture,816.25,1166.07
P01859,Product 1859,Furniture,946.14,1351.63
P01860,Product 1860,Electronics,169.35,241.93
P01861,Product 1861,Grocery,590.93,844.18
P01862,Product 1862,Clothing,18.53,26.47
P01863,Product 1863,Electronics,667.29,953.27
P01864,Product 1864,Grocery,437.96,625.66
P01865,Product 1865,Grocery,630.41,900.58
P01866,Product 1866,Furniture,677.11,967.3
P01867,Product 1867,Grocery,879.26,1256.08
P01868,Product 1868,Clothing,1366.73,1952.47
P01869,Product 1869,Electronics,1216.06,1737.23
P01870,Product 1870,Furniture,962.84,1375.48
P01871,Product 1871,Grocery,67.44,96.34
P01872,Product 1872,Electronics,416.09,594.42
P01873,Product 1873,Grocery,670.55,957.93
P01874,Product 1874,Furniture,677.51,967.87
P01875,Product 1875,Grocery,1003.62,1433.75
P01876,Product 1876,Furniture,529.38,756.26
P01877,Product 1877,Grocery,770.49,1100.7
P01878,Product 1878,Electronics,199.54,285.06
P01879,Product 1879,Furniture,992.05,1417.22
P01880,Product 1880,Electronics,314.47,449.25
P01881,Product 1881,Clothing,141.25,201.78
P01882,Product 1882,Grocery,1276.67,1823.82
P01883,Product 1883,Clothing,158.3,226.14
P01884,Product 1884,Electronics,695.04,992.91
P01885,Product 1885,Furniture,668.56,955.08
P01886,Product 1886,Clothing,173.83,248.33
P01887,Product 1887,Clothing,167.57,239.39
P01888,Product 1888,Electronics,331.79,473.99
P01889,Product 1889,Grocery,129.42,184.89
P01890,Product 1890,Furniture,1005.69,1436.7
P01891,Product 1891,Grocery,319.78,456.83
P01892,Product 1892,Electronics,271.59,387.98
P01893,Product 1893,Furniture,1068.77,1526.82
P01894,Product 1894,Clothing,14.21,20.3
P01895,Product 1895,Furniture,263.23,376.04
P01896,Product 1896,Clothing,80.95,115.65
P01897,Product 1897,Electronics,823.91,1177.01
P01898,Product 1898,Electronics,504.56,720.8
P01899,Product 1899,Electronics,1390.29,1986.13
P01900,Product 1900,Grocery,1373.29,1961.85
P01901,Product 1901,Electronics,10.28,14.68
P01902,Product 1902,Clothing,106.66,152.37
P01903,Product 1903,Electronics,586.8,838.28
P01904,Product 1904,Grocery,658.27,940.39
P01905,Product 1905,Furniture,418.26,597.51
P01906,Product 1906,Grocery,39.75,56.79
P01907,Product 1907,Grocery,990.32,1414.75
P01908,Product 1908,Clothing,632.2,903.14
P01909,Product 1909,Electronics,271.42,387.74
P01910,Product 1910,Grocery,350.56,500.8
P01911,Product 1911,Electronics,332.63,475.18
P01912,Product 1912,Grocery,1317.98,1882.83
P01913,Product 1913,Electronics,1254.48,1792.11
P01914,Product 1914,Furniture,955.82,1365.46
P01915,Product 1915,Electronics,180.15,257.35
P01916,Product 1916,Clothing,443.62,633.74
P01917,Product 1917,Clothing,95.09,135.85
P01918,Product 1918,Grocery,612.04,874.34
P01919,Product 1919,Electronics,1082.02,1545.74
P01920,Product 1920,Furniture,1141.99,1631.42
P01921,Product 1921,Furniture,663.82,948.32
P01922,Product 1922,Electronics,82.42,117.75
P01923,Product 1923,Grocery,559.45,799.22
P01924,Product 1924,Furniture,40.03,57.19
P01925,Product 1925,Furniture,1103.96,1577.09
P01926,Product 1926,Clothing,1269.28,1813.26
P01927,Product 1927,Grocery,87.03,124.33
P01928,Product 1928,Furniture,596.5,852.15
P01929,Product 1929,Furniture,1340.65,1915.22
P01930,Product 1930,Electronics,14.85,21.21
P01931,Product 1931,Furniture,1302.95,1861.36
P01932,Product 1932,Clothing,1310.87,1872.67
P01933,Product 1933,Furniture,1038.15,1483.07
P01934,Product 1934,Electronics,747.73,1068.18
P01935,Product 1935,Electronics,166.15,237.36
P01936,Product 1936,Clothing,132.75,189.64
P01937,Product 1937,Furniture,999.05,1427.21
P01938,Product 1938,Clothing,525.15,750.22
P01939,Product 1939,Furniture,136.28,194.68
P01940,Product 1940,Clothing,67.42,96.31
P01941,Product 1941,Clothing,535.18,764.54
P01942,Product 1942,Clothing,765.59,1093.7
P01943,Product 1943,Grocery,513.27,733.24
P01944,Product 1944,Furniture,1150.04,1642.92
P01945,Product 1945,Grocery,1254.71,1792.44
P01946,Product 1946,Furniture,1242.09,1774.41
P01947,Product 1947,Furniture,1020.77,1458.25
P01948,Product 1948,Electronics,566.78,809.69
P01949,Product 1949,Furniture,261.12,373.03
P01950,Product 1950,Electronics,461.55,659.36
P01951,Product 1951,Grocery,1348.36,1926.23
P01952,Product 1952,Furniture,86.2,123.15
P01953,Product 1953,Electronics,580.9,829.86
P01954,Product 1954,Clothing,825.99,1179.98
P01955,Product 1955,Grocery,1094.34,1563.35
P01956,Product 1956,Grocery,114.46,163.52
P01957,Product 1957,Grocery,57.24,81.77
P01958,Product 1958,Furniture,1131.95,1617.07
P01959,Product 1959,Grocery,130.54,186.49
P01960,Product 1960,Furniture,737.99,1054.27
P01961,Product 1961,Clothing,47.62,68.03
P01962,Product 1962,Furniture,179.72,256.75
P01963,Product 1963,Clothing,625.2,893.15
P01964,Product 1964,Grocery,353.51,505.01
P01965,Product 1965,Clothing,158.03,225.76
P01966,Product 1966,Furniture,19.1,27.29
P01967,Product 1967,Clothing,230.68,329.54
P01968,Product 1968,Grocery,464.37,663.38
P01969,Product 1969,Clothing,1381.86,1974.09
P01970,Product 1970,Electronics,791.37,1130.53
P01971,Product 1971,Clothing,629.89,899.85
P01972,Product 1972,Electronics,343.27,490.38
P01973,Product 1973,Electronics,1094.94,1564.2
P01974,Product 1974,Clothing,1309.27,1870.38
P01975,Product 1975,Furniture,1298.66,1855.23
P01976,Product 1976,Grocery,599,855.72
P01977,Product 1977,Electronics,415.16,593.08
P01978,Product 1978,Furniture,1222.68,1746.69
P01979,Product 1979,Clothing,836.27,1194.67
P01980,Product 1980,Grocery,736.82,1052.6
P01981,Product 1981,Electronics,979.12,1398.74
P01982,Product 1982,Clothing,717.47,1024.95
P01983,Product 1983,Furniture,320.59,457.98
P01984,Product 1984,Furniture,1060.07,1514.39
P01985,Product 1985,Electronics,984.47,1406.38
P01986,Product 1986,Furniture,329.38,470.55
P01987,Product 1987,Furniture,1365.66,1950.95
P01988,Product 1988,Grocery,91.18,130.26
P01989,Product 1989,Furniture,1360.25,1943.21
P01990,Product 1990,Furniture,179.26,256.09
P01991,Product 1991,Furniture,1263.98,1805.69
P01992,Product 1992,Clothing,789.45,1127.79
P01993,Product 1993,Grocery,918.77,1312.53
P01994,Product 1994,Electronics,1121.2,1601.72
P01995,Product 1995,Clothing,77.2,110.28
P01996,Product 1996,Furniture,934.64,1335.2
P01997,Product 1997,Clothing,1261.39,1801.98
P01998,Product 1998,Electronics,-7,-10
P01999,Product 1999,Clothing,253.62,362.32
P02000,Product 2000,Furniture,22.49,32.13
P02001,Product 2001,Grocery,714.83,1021.18
P02002,Product 2002,Electronics,1037.11,1481.59
P02003,Product 2003,Clothing,947.31,1353.3
P02004,Product 2004,Grocery,1033.86,1476.94
P02005,Product 2005,Clothing,256,365.71
P02006,Product 2006,Grocery,1159.36,1656.23
P02007,Product 2007,Clothing,612.77,875.39
P02008,Product 2008,Grocery,1048.86,1498.37
P02009,Product 2009,Furniture,24.4,34.86
P02010,Product 2010,Grocery,1343.75,1919.65
P02011,Product 2011,Grocery,451.42,644.89
P02012,Product 2012,Furniture,1287.63,1839.47
P02013,Product 2013,Grocery,676.96,967.09
P02014,Product 2014,Grocery,262.56,375.08
P02015,Product 2015,Furniture,189.56,270.8
P02016,Product 2016,Grocery,1255.89,1794.13
P02017,Product 2017,Clothing,704.72,1006.74
P02018,Product 2018,Grocery,1106.9,1581.28
P02019,Product 2019,Grocery,1309.76,1871.08
P02020,Product 2020,Furniture,216.32,309.03
P02021,Product 2021,Electronics,1236.5,1766.43
P02022,Product 2022,Furniture,1191.9,1702.72
P02023,Product 2023,Clothing,1155.22,1650.31
P02024,Product 2024,Grocery,885.11,1264.44
P02025,Product 2025,Clothing,1295.62,1850.88
P02026,Product 2026,Grocery,397.68,568.12
P02027,Product 2027,Furniture,546.31,780.45
P02028,Product 2028,Furniture,156.15,223.07
P02029,Product 2029,Electronics,798.45,1140.64
P02030,Product 2030,Grocery,924.92,1321.32
P02031,Product 2031,Furniture,1391.54,1987.91
P02032,Product 2032,Clothing,1154.76,1649.66
P02033,Product 2033,Furniture,1169.9,1671.29
P02034,Product 2034,Electronics,1177.04,1681.49
P02035,Product 2035,Grocery,786.06,1122.94
P02036,Product 2036,Clothing,38.12,54.46
P02037,Product 2037,Electronics,1248.01,1782.87
P02038,Product 2038,Clothing,1374.79,1963.99
P02039,Product 2039,Grocery,431.01,615.73
P02040,Product 2040,Grocery,176.57,252.24
P02041,Product 2041,Grocery,653.9,934.14
P02042,Product 2042,Clothing,1104.12,1577.31
P02043,Product 2043,Electronics,54.03,77.19
P02044,Product 2044,Furniture,726.28,1037.55
P02045,Product 2045,Grocery,1274.02,1820.03
P02046,Product 2046,Clothing,880.38,1257.68
P02047,Product 2047,Furniture,791.56,1130.8
P02048,Product 2048,Furniture,619.12,884.45
P02049,Product 2049,Furniture,587.63,839.47
P02050,Product 2050,Grocery,323.4,462
P02051,Product 2051,Furniture,151.3,216.14
P02052,Product 2052,Grocery,1236.83,1766.9
P02053,Product 2053,Furniture,435.25,621.78
P02054,Product 2054,Electronics,557.14,795.91
P02055,Product 2055,Clothing,1341.97,1917.1
P02056,Product 2056,Furniture,510.96,729.95
P02057,Product 2057,Clothing,766.51,1095.02
P02058,Product 2058,Grocery,601.64,859.49
P02059,Product 2059,Clothing,691.4,987.71
P02060,Product 2060,Grocery,336.69,480.98
P02061,Product 2061,Furniture,186.61,266.59
P02062,Product 2062,Furniture,1254.48,1792.12
P02063,Product 2063,Electronics,700.55,1000.78
P02064,Product 2064,Clothing,1294.32,1849.03
P02065,Product 2065,Clothing,1132,1617.15
P02066,Product 2066,Furniture,319.82,456.88
P02067,Product 2067,Electronics,1384.88,1978.4
P02068,Product 2068,Furniture,425.41,607.73
P02069,Product 2069,Electronics,1245.09,1778.7
P02070,Product 2070,Furniture,75.39,107.7
P02071,Product 2071,Electronics,110.68,158.12
P02072,Product 2072,Furniture,796.96,1138.51
P02073,Product 2073,Grocery,935.35,1336.22
P02074,Product 2074,Furniture,576.69,823.85
P02075,Product 2075,Electronics,1185.33,1693.33
P02076,Product 2076,Furniture,341.98,488.54
P02077,Product 2077,Furniture,318.76,455.37
P02078,Product 2078,Grocery,1053.09,1504.42
P02079,Product 2079,Electronics,1212.75,1732.5
P02080,Product 2080,Clothing,1154.05,1648.64
P02081,Product 2081,Clothing,212.18,303.11
P02082,Product 2082,Clothing,376.78,538.26
P02083,Product 2083,Clothing,1325.43,1893.47
P02084,Product 2084,Furniture,211.27,301.82
P02085,Product 2085,Clothing,653.21,933.16
P02086,Product 2086,Electronics,147.9,211.28
P02087,Product 2087,Clothing,1192.1,1703
P02088,Product 2088,Clothing,1302.54,1860.77
P02089,Product 2089,Furniture,239.21,341.73
P02090,Product 2090,Grocery,660.6,943.71
P02091,Product 2091,Grocery,1144.21,1634.59
P02092,Product 2092,Clothing,844.45,1206.36
P02093,Product 2093,Furniture,880.75,1258.22
P02094,Product 2094,Clothing,872.99,1247.13
P02095,Product 2095,Electronics,350.16,500.23
P02096,Product 2096,Electronics,71.16,101.66
P02097,Product 2097,Furniture,163.08,232.97
P02098,Product 2098,Grocery,52.45,74.93
P02099,Product 2099,Grocery,336.38,480.54
P02100,Product 2100,Grocery,601.99,859.98
P02101,Product 2101,Electronics,317.78,453.97
P02102,Product 2102,Furniture,99.2,141.72
P02103,Product 2103,Clothing,530.96,758.51
P02104,Product 2104,Furniture,57.95,82.78
P02105,Product 2105,Furniture,376.31,537.58
P02106,Product 2106,Clothing,318.66,455.23
P02107,Product 2107,Clothing,905.69,1293.85
P02108,Product 2108,Furniture,444.77,635.38
P02109,Product 2109,Grocery,303.54,433.63
P02110,Product 2110,Electronics,1296.09,1851.56
P02111,Product 2111,Grocery,255.94,365.63
P02112,Product 2112,Electronics,619.37,884.81
P02113,Product 2113,Clothing,495.99,708.56
P02114,Product 2114,Grocery,165.68,236.68
P02115,Product 2115,Clothing,780.4,1114.86
P02116,Product 2116,Furniture,1292.69,1846.7
P02117,Product 2117,Furniture,977.98,1397.11
P02118,Product 2118,Electronics,712.37,1017.67
P02119,Product 2119,Clothing,1360.07,1942.95
P02120,Product 2120,Furniture,1136.8,1624
P02121,Product 2121,Furniture,287.92,411.31
P02122,Product 2122,Electronics,364.83,521.18
P02123,Product 2123,Furniture,282.06,402.94
P02124,Product 2124,Furniture,1394.03,1991.47
P02125,Product 2125,Clothing,763.01,1090.02
P02126,Product 2126,Electronics,386.4,552
P02127,Product 2127,Clothing,263.99,377.13
P02128,Product 2128,Grocery,551.11,787.3
P02129,Product 2129,Electronics,583.12,833.03
P02130,Product 2130,Furniture,1317.12,1881.6
P02131,Product 2131,Clothing,978.2,1397.43
P02132,Product 2132,Furniture,1335,1907.15
P02133,Product 2133,Clothing,491.22,701.74
P02134,Product 2134,Furniture,890.42,1272.03
P02135,Product 2135,Electronics,903.83,1291.19
P02136,Product 2136,Furniture,1336.01,1908.59
P02137,Product 2137,Electronics,226.13,323.05
P02138,Product 2138,Furniture,1353.86,1934.09
P02139,Product 2139,Grocery,636.71,909.59
P02140,Product 2140,Grocery,1241.79,1773.99
P02141,Product 2141,Furniture,403.38,576.25
P02142,Product 2142,Furniture,709.52,1013.6
P02143,Product 2143,Grocery,194.07,277.24
P02144,Product 2144,Electronics,770.86,1101.23
P02145,Product 2145,Grocery,691.57,987.96
P02146,Product 2146,Clothing,147.55,210.79
P02147,Product 2147,Electronics,672.15,960.21
P02148,Product 2148,Clothing,1095.86,1565.52
P02149,Product 2149,Grocery,1067.56,1525.09
P02150,Product 2150,Furniture,619.09,884.42
P02151,Product 2151,Grocery,1225.43,1750.61
P02152,Product 2152,Electronics,663.94,948.49
P02153,Product 2153,Electronics,1106.53,1580.76
P02154,Product 2154,Grocery,325.35,464.78
P02155,Product 2155,Grocery,608.18,868.83
P02156,Product 2156,Clothing,176.23,251.76
P02157,Product 2157,Grocery,131.66,188.09
P02158,Product 2158,Furniture,263.88,376.97
P02159,Product 2159,Grocery,1375.98,1965.68
P02160,Product 2160,Electronics,728.48,1040.69
P02161,Product 2161,Electronics,1046.78,1495.4
P02162,Product 2162,Clothing,942.06,1345.8
P02163,Product 2163,Grocery,1144.65,1635.22
P02164,Product 2164,Furniture,1237.38,1767.69
P02165,Product 2165,Furniture,85.42,122.03
P02166,Product 2166,Grocery,192.35,274.78
P02167,Product 2167,Furniture,707.38,1010.55
P02168,Product 2168,Electronics,223.01,318.58
P02169,Product 2169,Electronics,244.88,349.83
P02170,Product 2170,Electronics,1361.98,1945.69
P02171,Product 2171,Grocery,1012.26,1446.08
P02172,Product 2172,Electronics,535.93,765.62
P02173,Product 2173,Clothing,1270,1814.29
P02174,Product 2174,Grocery,1217.89,1739.85
P02175,Product 2175,Grocery,169.11,241.59
P02176,Product 2176,Clothing,69.7,99.57
P02177,Product 2177,Furniture,223.04,318.63
P02178,Product 2178,Furniture,1095.38,1564.83
P02179,Product 2179,Grocery,853.15,1218.78
P02180,Product 2180,Electronics,363.99,519.98
P02181,Product 2181,Clothing,1131.77,1616.81
P02182,Product 2182,Electronics,373.5,533.57
P02183,Product 2183,Electronics,1365.62,1950.89
P02184,Product 2184,Electronics,629.43,899.18
P02185,Product 2185,Electronics,501.65,716.65
P02186,Product 2186,Furniture,129.77,185.39
P02187,Product 2187,Clothing,237.2,338.86
P02188,Product 2188,Electronics,1021.94,1459.92
P02189,Product 2189,Furniture,881.66,1259.52
P02190,Product 2190,Electronics,1358.03,1940.04
P02191,Product 2191,Clothing,1098.8,1569.72
P02192,Product 2192,Clothing,704.21,1006.01
P02193,Product 2193,Furniture,936.82,1338.31
P02194,Product 2194,Grocery,755.59,1079.42
P02195,Product 2195,Clothing,545.54,779.34
P02196,Product 2196,Clothing,1312.25,1874.64
P02197,Product 2197,Clothing,480.38,686.26
P02198,Product 2198,Clothing,15.6,22.29
P02199,Product 2199,Grocery,1272.03,1817.18
P02200,Product 2200,Grocery,10.86,15.51
P02201,Product 2201,Furniture,148.09,211.55
P02202,Product 2202,Furniture,481.95,688.5
P02203,Product 2203,Furniture,386.07,551.53
P02204,Product 2204,Furniture,1264.97,1807.1
P02205,Product 2205,Clothing,1060.17,1514.53
P02206,Product 2206,Clothing,1037.55,1482.22
P02207,Product 2207,Clothing,77.55,110.79
P02208,Product 2208,Clothing,443.59,633.7
P02209,Product 2209,Furniture,1075.54,1536.49
P02210,Product 2210,Furniture,316.79,452.56
P02211,Product 2211,Electronics,854.92,1221.31
P02212,Product 2212,Electronics,433.85,619.78
P02213,Product 2213,Grocery,355.69,508.13
P02214,Product 2214,Furniture,57.32,81.89
P02215,Product 2215,Grocery,399.73,571.04
P02216,Product 2216,Clothing,621.94,888.49
P02217,Product 2217,Grocery,68.53,97.9
P02218,Product 2218,Clothing,30.1,43
P02219,Product 2219,Furniture,750.22,1071.75
P02220,Product 2220,Grocery,977.77,1396.81
P02221,Product 2221,Grocery,809.19,1155.99
P02222,Product 2222,Furniture,1355.23,1936.05
P02223,Product 2223,Clothing,1332.75,1903.93
P02224,Product 2224,Clothing,1021.12,1458.75
P02225,Product 2225,Grocery,1052.22,1503.17
P02226,Product 2226,Clothing,648.48,926.4
P02227,Product 2227,Clothing,966.31,1380.44
P02228,Product 2228,Electronics,1167.66,1668.09
P02229,Product 2229,Clothing,785.39,1121.98
P02230,Product 2230,Electronics,932.78,1332.55
P02231,Product 2231,Electronics,594.23,848.9
P02232,Product 2232,Electronics,658.02,940.03
P02233,Product 2233,Electronics,535.34,764.77
P02234,Product 2234,Clothing,130.74,186.77
P02235,Product 2235,Furniture,1355.51,1936.45
P02236,Product 2236,Electronics,784.06,1120.08
P02237,Product 2237,Furniture,881.36,1259.08
P02238,Product 2238,Clothing,878.56,1255.08
P02239,Product 2239,Furniture,516.78,738.26
P02240,Product 2240,Clothing,93.14,133.06
P02241,Product 2241,Grocery,1363.98,1948.55
P02242,Product 2242,Clothing,1299.65,1856.64
P02243,Product 2243,Clothing,1313.93,1877.04
P02244,Product 2244,Furniture,442.6,632.29
P02245,Product 2245,Grocery,1240.14,1771.63
P02246,Product 2246,Clothing,1221.87,1745.53
P02247,Product 2247,Electronics,252.93,361.33
P02248,Product 2248,Grocery,921.7,1316.71
P02249,Product 2249,Furniture,760.16,1085.95
P02250,Product 2250,Electronics,1135.16,1621.66
P02251,Product 2251,Grocery,736.29,1051.84
P02252,Product 2252,Electronics,146.33,209.04
P02253,Product 2253,Furniture,20.03,28.62
P02254,Product 2254,Furniture,49.07,70.1
P02255,Product 2255,Furniture,173.03,247.19
P02256,Product 2256,Grocery,482.92,689.88
P02257,Product 2257,Grocery,516.48,737.83
P02258,Product 2258,Grocery,506.96,724.23
P02259,Product 2259,Electronics,566.22,808.88
P02260,Product 2260,Electronics,1030.6,1472.29
P02261,Product 2261,Grocery,1191.03,1701.47
P02262,Product 2262,Electronics,1375.98,1965.68
P02263,Product 2263,Furniture,720.82,1029.74
P02264,Product 2264,Grocery,882.31,1260.45
P02265,Product 2265,Grocery,732.21,1046.01
P02266,Product 2266,Grocery,19.83,28.33
P02267,Product 2267,Clothing,536.78,766.83
P02268,Product 2268,Electronics,964.73,1378.18
P02269,Product 2269,Electronics,1099.07,1570.1
P02270,Product 2270,Clothing,688.6,983.72
P02271,Product 2271,Clothing,1259.58,1799.4
P02272,Product 2272,Clothing,953.87,1362.67
P02273,Product 2273,Clothing,432.38,617.69
P02274,Product 2274,Grocery,988.27,1411.81
P02275,Product 2275,Electronics,1373.11,1961.58
P02276,Product 2276,Electronics,925.42,1322.03
P02277,Product 2277,Furniture,1237.8,1768.28
P02278,Product 2278,Furniture,388.44,554.92
P02279,Product 2279,Grocery,1094.79,1563.98
P02280,Product 2280,Furniture,669.65,956.65
P02281,Product 2281,Electronics,335.91,479.87
P02282,Product 2282,Electronics,958.67,1369.53
P02283,Product 2283,Electronics,440.29,628.99
P02284,Product 2284,Furniture,335.91,479.87
P02285,Product 2285,Electronics,107.53,153.62
P02286,Product 2286,Grocery,1275.07,1821.53
P02287,Product 2287,Furniture,689.62,985.17
P02288,Product 2288,Grocery,1137.79,1625.42
P02289,Product 2289,Electronics,1266.15,1808.78
P02290,Product 2290,Clothing,1274.06,1820.08
P02291,Product 2291,Electronics,422.68,603.83
P02292,Product 2292,Electronics,605.07,864.38
P02293,Product 2293,Electronics,660,942.86
P02294,Product 2294,Grocery,821.09,1172.98
P02295,Product 2295,Electronics,1087.6,1553.71
P02296,Product 2296,Clothing,175.66,250.95
P02297,Product 2297,Furniture,471.04,672.91
P02298,Product 2298,Grocery,548.31,783.3
P02299,Product 2299,Furniture,633.95,905.65
P02300,Product 2300,Electronics,947.22,1353.17
P02301,Product 2301,Furniture,781.49,1116.42
P02302,Product 2302,Electronics,1109.59,1585.13
P02303,Product 2303,Grocery,1198.45,1712.07
P02304,Product 2304,Furniture,1331.01,1901.45
P02305,Product 2305,Electronics,16.12,23.03
P02306,Product 2306,Electronics,956.27,1366.1
P02307,Product 2307,Grocery,20.13,28.76
P02308,Product 2308,Electronics,1371.87,1959.81
P02309,Product 2309,Furniture,1155.17,1650.25
P02310,Product 2310,Furniture,57.55,82.21
P02311,Product 2311,Grocery,978.82,1398.32
P02312,Product 2312,Grocery,550.63,786.62
P02313,Product 2313,Clothing,1169.48,1670.69
P02314,Product 2314,Electronics,956.28,1366.11
P02315,Product 2315,Clothing,789.29,1127.56
P02316,Product 2316,Furniture,1097.45,1567.79
P02317,Product 2317,Furniture,1024.29,1463.27
P02318,Product 2318,Clothing,1345.69,1922.42
P02319,Product 2319,Clothing,818.5,1169.29
P02320,Product 2320,Electronics,1301.98,1859.97
P02321,Product 2321,Electronics,1032.72,1475.32
P02322,Product 2322,Electronics,834.2,1191.72
P02323,Product 2323,Furniture,525.85,751.21
P02324,Product 2324,Electronics,81.42,116.32
P02325,Product 2325,Clothing,287.77,411.1
P02326,Product 2326,Electronics,545.97,779.95
P02327,Product 2327,Furniture,866.63,1238.04
P02328,Product 2328,Furniture,1159.33,1656.18
P02329,Product 2329,Clothing,384.22,548.88
P02330,Product 2330,Grocery,1079.69,1542.42
P02331,Product 2331,Grocery,917.73,1311.05
P02332,Product 2332,Grocery,803.16,1147.37
P02333,Product 2333,Furniture,1148.01,1640.01
P02334,Product 2334,Grocery,327.21,467.45
P02335,Product 2335,Electronics,194.21,277.45
P02336,Product 2336,Furniture,70.33,100.47
P02337,Product 2337,Clothing,219.41,313.44
P02338,Product 2338,Electronics,241.69,345.27
P02339,Product 2339,Electronics,1122.36,1603.37
P02340,Product 2340,Furniture,180.75,258.21
P02341,Product 2341,Furniture,384.58,549.4
P02342,Product 2342,Clothing,442.5,632.15
P02343,Product 2343,Furniture,204.68,292.4
P02344,Product 2344,Grocery,317.38,453.4
P02345,Product 2345,Clothing,638.78,912.55
P02346,Product 2346,Furniture,125.59,179.42
P02347,Product 2347,Clothing,715.43,1022.05
P02348,Product 2348,Furniture,567.18,810.26
P02349,Product 2349,Clothing,334.5,477.86
P02350,Product 2350,Electronics,512.01,731.44
P02351,Product 2351,Electronics,736.63,1052.33
P02352,Product 2352,Electronics,1083.72,1548.17
P02353,Product 2353,Furniture,39.95,57.07
P02354,Product 2354,Grocery,842.13,1203.05
P02355,Product 2355,Grocery,167.03,238.62
P02356,Product 2356,Electronics,47.49,67.85
P02357,Product 2357,Electronics,1040.65,1486.65
P02358,Product 2358,Electronics,813.43,1162.04
P02359,Product 2359,Clothing,697.05,995.79
P02360,Product 2360,Grocery,704.42,1006.31
P02361,Product 2361,Furniture,1177.97,1682.82
P02362,Product 2362,Grocery,611.37,873.38
P02363,Product 2363,Clothing,682.51,975.01
P02364,Product 2364,Electronics,248.43,354.9
P02365,Product 2365,Furniture,28.85,41.22
P02366,Product 2366,Furniture,474.84,678.34
P02367,Product 2367,Clothing,251.11,358.73
P02368,Product 2368,Electronics,989.62,1413.75
P02369,Product 2369,Furniture,404.1,577.29
P02370,Product 2370,Clothing,963.04,1375.77
P02371,Product 2371,Grocery,1207.27,1724.67
P02372,Product 2372,Furniture,331.2,473.15
P02373,Product 2373,Clothing,20.69,29.56
P02374,Product 2374,Grocery,1175.85,1679.78
P02375,Product 2375,Electronics,1155.88,1651.26
P02376,Product 2376,Grocery,360.62,515.17
P02377,Product 2377,Electronics,258.62,369.46
P02378,Product 2378,Clothing,130.58,186.54
P02379,Product 2379,Clothing,1170.42,1672.03
P02380,Product 2380,Furniture,1247.48,1782.12
P02381,Product 2381,Grocery,1025.07,1464.38
P02382,Product 2382,Furniture,469.43,670.61
P02383,Product 2383,Grocery,8.69,12.41
P02384,Product 2384,Electronics,756.47,1080.67
P02385,Product 2385,Electronics,674.55,963.65
P02386,Product 2386,Clothing,66.04,94.34
P02387,Product 2387,Furniture,1270.04,1814.35
P02388,Product 2388,Clothing,1303.25,1861.79
P02389,Product 2389,Clothing,815.67,1165.25
P02390,Product 2390,Furniture,365.66,522.37
P02391,Product 2391,Electronics,778.15,1111.64
P02392,Product 2392,Clothing,1016.27,1451.82
P02393,Product 2393,Grocery,555.81,794.02
P02394,Product 2394,Furniture,3.66,5.23
P02395,Product 2395,Clothing,43.9,62.72
P02396,Product 2396,Grocery,1004.21,1434.59
P02397,Product 2397,Electronics,304.39,434.84
P02398,Product 2398,Electronics,744.46,1063.52
P02399,Product 2399,Furniture,1116.56,1595.09
P02400,Product 2400,Grocery,1090.5,1557.86
P02401,Product 2401,Clothing,241.02,344.31
P02402,Product 2402,Furniture,148.81,212.58
P02403,Product 2403,Furniture,1073.76,1533.94
P02404,Product 2404,Furniture,1214.2,1734.57
P02405,Product 2405,Furniture,9.6,13.71
P02406,Product 2406,Electronics,319.5,456.43
P02407,Product 2407,Clothing,329.5,470.71
P02408,Product 2408,Electronics,537.37,767.67
P02409,Product 2409,Clothing,581.8,831.14
P02410,Product 2410,Electronics,979.02,1398.6
P02411,Product 2411,Electronics,804.57,1149.39
P02412,Product 2412,Grocery,332.64,475.2
P02413,Product 2413,Grocery,811.76,1159.66
P02414,Product 2414,Clothing,972.35,1389.07
P02415,Product 2415,Grocery,470.24,671.77
P02416,Product 2416,Furniture,673.38,961.97
P02417,Product 2417,Grocery,6.6,9.43
P02418,Product 2418,Furniture,170.99,244.27
P02419,Product 2419,Clothing,1255.98,1794.26
P02420,Product 2420,Clothing,1276.3,1823.28
P02421,Product 2421,Electronics,629.56,899.37
P02422,Product 2422,Grocery,1189.05,1698.64
P02423,Product 2423,Clothing,1266.52,1809.31
P02424,Product 2424,Furniture,654.44,934.92
P02425,Product 2425,Grocery,794.12,1134.46
P02426,Product 2426,Clothing,277.41,396.3
P02427,Product 2427,Furniture,772.16,1103.08
P02428,Product 2428,Clothing,1186.97,1695.67
P02429,Product 2429,Clothing,1079.34,1541.92
P02430,Product 2430,Clothing,1044.55,1492.21
P02431,Product 2431,Furniture,361.72,516.74
P02432,Product 2432,Clothing,41.41,59.16
P02433,Product 2433,Clothing,516.43,737.76
P02434,Product 2434,Electronics,1384.75,1978.21
P02435,Product 2435,Clothing,743.46,1062.09
P02436,Product 2436,Furniture,1187.71,1696.73
P02437,Product 2437,Electronics,1317.88,1882.68
P02438,Product 2438,Furniture,661.69,945.27
P02439,Product 2439,Furniture,751.03,1072.9
P02440,Product 2440,Grocery,500.97,715.67
P02441,Product 2441,Furniture,950.82,1358.32
P02442,Product 2442,Electronics,1198.12,1711.6
P02443,Product 2443,Furniture,672.45,960.64
P02444,Product 2444,Furniture,1065.34,1521.91
P02445,Product 2445,Furniture,1086.03,1551.47
P02446,Product 2446,Clothing,1287.41,1839.16
P02447,Product 2447,Grocery,934.36,1334.8
P02448,Product 2448,Clothing,304.64,435.2
P02449,Product 2449,Clothing,355.75,508.22
P02450,Product 2450,Furniture,80.49,114.98
P02451,Product 2451,Grocery,29.37,41.96
P02452,Product 2452,Furniture,809.48,1156.4
P02453,Product 2453,Electronics,277.43,396.33
P02454,Product 2454,Furniture,804.92,1149.88
P02455,Product 2455,Clothing,715.83,1022.61
P02456,Product 2456,Clothing,119.81,171.16
P02457,Product 2457,Electronics,1334.49,1906.42
P02458,Product 2458,Clothing,453.28,647.54
P02459,Product 2459,Electronics,475.73,679.61
P02460,Product 2460,Electronics,525.72,751.03
P02461,Product 2461,Clothing,276.33,394.76
P02462,Product 2462,Electronics,122.69,175.27
P02463,Product 2463,Furniture,1381.58,1973.68
P02464,Product 2464,Furniture,782.69,1118.13
P02465,Product 2465,Clothing,927.81,1325.44
P02466,Product 2466,Electronics,75.92,108.46
P02467,Product 2467,Clothing,245.74,351.06
P02468,Product 2468,Clothing,650.18,928.83
P02469,Product 2469,Electronics,225.95,322.78
P02470,Product 2470,Grocery,257.95,368.5
P02471,Product 2471,Electronics,772.68,1103.83
P02472,Product 2472,Grocery,297.68,425.26
P02473,Product 2473,Electronics,835.97,1194.24
P02474,Product 2474,Electronics,478.81,684.01
P02475,Product 2475,Grocery,36.81,52.58
P02476,Product 2476,Grocery,84.59,120.85
P02477,Product 2477,Electronics,397.55,567.93
P02478,Product 2478,Grocery,595.76,851.08
P02479,Product 2479,Electronics,1316.84,1881.2
P02480,Product 2480,Clothing,1068.17,1525.96
P02481,Product 2481,Furniture,872.01,1245.73
P02482,Product 2482,Grocery,637.64,910.92
P02483,Product 2483,Clothing,521.7,745.29
P02484,Product 2484,Electronics,1043.94,1491.35
P02485,Product 2485,Electronics,553.98,791.4
P02486,Product 2486,Furniture,240.93,344.19
P02487,Product 2487,Grocery,118.3,169
P02488,Product 2488,Electronics,1373.2,1961.72
P02489,Product 2489,Furniture,259.77,371.1
P02490,Product 2490,Electronics,845.03,1207.18
P02491,Product 2491,Electronics,1006.48,1437.83
P02492,Product 2492,Clothing,432.93,618.47
P02493,Product 2493,Grocery,1305.53,1865.04
P02494,Product 2494,Furniture,28.82,41.17
P02495,Product 2495,Electronics,1150.76,1643.95
P02496,Product 2496,Grocery,1304.92,1864.17
P02497,Product 2497,Furniture,1218.02,1740.03
P02498,Product 2498,Clothing,298.15,425.93
P02499,Product 2499,Electronics,1260.66,1800.94
P02500,Product 2500,Clothing,1152.62,1646.6
P02501,Product 2501,Furniture,705.45,1007.79
P02502,Product 2502,Electronics,255.37,364.82
P02503,Product 2503,Clothing,206.54,295.06
P02504,Product 2504,Electronics,523.14,747.34
P02505,Product 2505,Clothing,1250.05,1785.78
P02506,Product 2506,Grocery,284.7,406.71
P02507,Product 2507,Furniture,1019.07,1455.82
P02508,Product 2508,Grocery,497.19,710.27
P02509,Product 2509,Furniture,994.85,1421.21
P02510,Product 2510,Furniture,602.09,860.13
P02511,Product 2511,Furniture,700.7,1001
P02512,Product 2512,Grocery,904.2,1291.71
P02513,Product 2513,Electronics,362.12,517.32
P02514,Product 2514,Furniture,652.89,932.7
P02515,Product 2515,Grocery,874.08,1248.69
P02516,Product 2516,Furniture,800.22,1143.17
P02517,Product 2517,Clothing,61.06,87.23
P02518,Product 2518,Clothing,873.32,1247.6
P02519,Product 2519,Electronics,330.2,471.72
P02520,Product 2520,Clothing,767.46,1096.37
P02521,Product 2521,Electronics,498.77,712.53
P02522,Product 2522,Furniture,319.07,455.81
P02523,Product 2523,Furniture,1213.18,1733.11
P02524,Product 2524,Furniture,966.92,1381.32
P02525,Product 2525,Electronics,1243.58,1776.55
P02526,Product 2526,Clothing,395.53,565.04
P02527,Product 2527,Electronics,503.75,719.64
P02528,Product 2528,Grocery,480.84,686.91
P02529,Product 2529,Grocery,852.46,1217.8
P02530,Product 2530,Furniture,68.85,98.36
P02531,Product 2531,Grocery,91.42,130.6
P02532,Product 2532,Clothing,727.4,1039.15
P02533,Product 2533,Clothing,876.03,1251.47
P02534,Product 2534,Grocery,192.18,274.54
P02535,Product 2535,Furniture,750.76,1072.51
P02536,Product 2536,Electronics,1241.03,1772.9
P02537,Product 2537,Furniture,1309.67,1870.96
P02538,Product 2538,Furniture,1373.58,1962.26
P02539,Product 2539,Electronics,565,807.14
P02540,Product 2540,Clothing,621.64,888.06
P02541,Product 2541,Clothing,1282.74,1832.49
P02542,Product 2542,Electronics,338.81,484.01
P02543,Product 2543,Grocery,936.59,1337.99
P02544,Product 2544,Electronics,1235.49,1764.99
P02545,Product 2545,Grocery,763.7,1091
P02546,Product 2546,Grocery,1073.57,1533.67
P02547,Product 2547,Electronics,500.85,715.5
P02548,Product 2548,Clothing,589.93,842.76
P02549,Product 2549,Electronics,643.3,919
P02550,Product 2550,Electronics,532.76,761.08
P02551,Product 2551,Grocery,352.29,503.27
P02552,Product 2552,Grocery,110.94,158.49
P02553,Product 2553,Electronics,770.25,1100.36
P02554,Product 2554,Grocery,195.91,279.87
P02555,Product 2555,Electronics,979.96,1399.95
P02556,Product 2556,Grocery,137.57,196.53
P02557,Product 2557,Electronics,389.84,556.91
P02558,Product 2558,Furniture,1101.42,1573.46
P02559,Product 2559,Electronics,151.09,215.84
P02560,Product 2560,Clothing,817.3,1167.57
P02561,Product 2561,Furniture,642.77,918.24
P02562,Product 2562,Clothing,463.75,662.5
P02563,Product 2563,Grocery,595.91,851.3
P02564,Product 2564,Furniture,223.28,318.97
P02565,Product 2565,Electronics,505.92,722.75
P02566,Product 2566,Clothing,97.99,139.98
P02567,Product 2567,Clothing,1168.9,1669.86
P02568,Product 2568,Clothing,939.63,1342.33
P02569,Product 2569,Electronics,692.9,989.86
P02570,Product 2570,Clothing,1023.17,1461.67
P02571,Product 2571,Clothing,5.4,7.72
P02572,Product 2572,Grocery,224.49,320.7
P02573,Product 2573,Grocery,52.91,75.58
P02574,Product 2574,Grocery,711.59,1016.56
P02575,Product 2575,Furniture,1141.38,1630.55
P02576,Product 2576,Furniture,164.48,234.97
P02577,Product 2577,Clothing,1258.87,1798.39
P02578,Product 2578,Furniture,1194.89,1706.99
P02579,Product 2579,Clothing,666.97,952.82
P02580,Product 2580,Clothing,737.32,1053.31
P02581,Product 2581,Clothing,1185.88,1694.12
P02582,Product 2582,Furniture,102.44,146.35
P02583,Product 2583,Grocery,227.96,325.66
P02584,Product 2584,Electronics,1216.18,1737.4
P02585,Product 2585,Clothing,101.61,145.16
P02586,Product 2586,Electronics,208.43,297.76
P02587,Product 2587,Clothing,143.12,204.46
P02588,Product 2588,Clothing,1052.73,1503.9
P02589,Product 2589,Clothing,466.8,666.86
P02590,Product 2590,Electronics,1168.45,1669.21
P02591,Product 2591,Electronics,741.73,1059.61
P02592,Product 2592,Electronics,1202.87,1718.38
P02593,Product 2593,Clothing,379.41,542.02
P02594,Product 2594,Clothing,1124.57,1606.53
P02595,Product 2595,Grocery,1212.26,1731.8
P02596,Product 2596,Clothing,1311.11,1873.02
P02597,Product 2597,Furniture,841.24,1201.77
P02598,Product 2598,Clothing,56.87,81.24
P02599,Product 2599,Furniture,1396.75,1995.36
P02600,Product 2600,Clothing,1107.89,1582.7
P02601,Product 2601,Electronics,388.64,555.2
P02602,Product 2602,Furniture,487.02,695.75
P02603,Product 2603,Grocery,1091.26,1558.95
P02604,Product 2604,Grocery,677.03,967.19
P02605,Product 2605,Electronics,536.75,766.78
P02606,Product 2606,Clothing,526.5,752.15
P02607,Product 2607,Grocery,417.89,596.99
P02608,Product 2608,Clothing,641.19,915.98
P02609,Product 2609,Clothing,293.45,419.22
P02610,Product 2610,Grocery,983.33,1404.76
P02611,Product 2611,Furniture,516.25,737.5
P02612,Product 2612,Clothing,1388.13,1983.05
P02613,Product 2613,Furniture,509.26,727.52
P02614,Product 2614,Grocery,385.68,550.97
P02615,Product 2615,Furniture,186.86,266.95
P02616,Product 2616,Clothing,478.05,682.93
P02617,Product 2617,Furniture,457.92,654.17
P02618,Product 2618,Grocery,244.66,349.51
P02619,Product 2619,Grocery,283.37,404.81
P02620,Product 2620,Furniture,550.79,786.85
P02621,Product 2621,Grocery,958.61,1369.44
P02622,Product 2622,Grocery,1230.19,1757.41
P02623,Product 2623,Grocery,688.16,983.09
P02624,Product 2624,Grocery,484.71,692.45
P02625,Product 2625,Clothing,119.91,171.3
P02626,Product 2626,Furniture,311.37,444.81
P02627,Product 2627,Furniture,1260.34,1800.48
P02628,Product 2628,Grocery,132.55,189.36
P02629,Product 2629,Furniture,1363.04,1947.2
P02630,Product 2630,Furniture,639.06,912.95
P02631,Product 2631,Electronics,859.25,1227.5
P02632,Product 2632,Clothing,1247.2,1781.72
P02633,Product 2633,Grocery,834.26,1191.8
P02634,Product 2634,Grocery,182.61,260.87
P02635,Product 2635,Electronics,1335.36,1907.66
P02636,Product 2636,Grocery,296.93,424.18
P02637,Product 2637,Clothing,796.7,1138.14
P02638,Product 2638,Electronics,269.52,385.03
P02639,Product 2639,Grocery,1031.52,1473.6
P02640,Product 2640,Clothing,739.93,1057.04
P02641,Product 2641,Electronics,219.13,313.04
P02642,Product 2642,Grocery,654.39,934.85
P02643,Product 2643,Grocery,1244.59,1777.99
P02644,Product 2644,Furniture,907.42,1296.31
P02645,Product 2645,Clothing,725.36,1036.23
P02646,Product 2646,Clothing,848.87,1212.67
P02647,Product 2647,Clothing,338.93,484.19
P02648,Product 2648,Clothing,1047.87,1496.95
P02649,Product 2649,Electronics,1322.5,1889.29
P02650,Product 2650,Furniture,45.05,64.36
P02651,Product 2651,Grocery,436.3,623.28
P02652,Product 2652,Clothing,771.2,1101.72
P02653,Product 2653,Clothing,1238.62,1769.45
P02654,Product 2654,Grocery,351.03,501.47
P02655,Product 2655,Clothing,422.2,603.14
P02656,Product 2656,Electronics,882.52,1260.74
P02657,Product 2657,Clothing,1303.31,1861.87
P02658,Product 2658,Electronics,1348.56,1926.51
P02659,Product 2659,Clothing,683.89,976.98
P02660,Product 2660,Electronics,366.94,524.2
P02661,Product 2661,Furniture,784.27,1120.38
P02662,Product 2662,Electronics,1353.79,1933.99
P02663,Product 2663,Furniture,115.91,165.59
P02664,Product 2664,Furniture,1361.4,1944.86
P02665,Product 2665,Furniture,1180.42,1686.32
P02666,Product 2666,Furniture,407.6,582.29
P02667,Product 2667,Grocery,1106.71,1581.01
P02668,Product 2668,Furniture,944.56,1349.37
P02669,Product 2669,Grocery,128.51,183.59
P02670,Product 2670,Clothing,56,80
P02671,Product 2671,Clothing,100.74,143.91
P02672,Product 2672,Clothing,773.28,1104.68
P02673,Product 2673,Grocery,573.04,818.63
P02674,Product 2674,Furniture,1048.35,1497.64
P02675,Product 2675,Clothing,566.86,809.8
P02676,Product 2676,Electronics,824.86,1178.37
P02677,Product 2677,Grocery,398.68,569.55
P02678,Product 2678,Grocery,529.38,756.26
P02679,Product 2679,Electronics,372.47,532.1
P02680,Product 2680,Clothing,1165.54,1665.06
P02681,Product 2681,Clothing,556.33,794.76
P02682,Product 2682,Clothing,774.86,1106.94
P02683,Product 2683,Clothing,41.55,59.36
P02684,Product 2684,Grocery,753.21,1076.01
P02685,Product 2685,Clothing,19.52,27.89
P02686,Product 2686,Furniture,1151.98,1645.69
P02687,Product 2687,Grocery,165.61,236.59
P02688,Product 2688,Grocery,1372.31,1960.44
P02689,Product 2689,Clothing,478.23,683.19
P02690,Product 2690,Electronics,885.96,1265.66
P02691,Product 2691,Clothing,754.6,1078
P02692,Product 2692,Clothing,391.15,558.78
P02693,Product 2693,Electronics,443.93,634.18
P02694,Product 2694,Furniture,1356.83,1938.33
P02695,Product 2695,Electronics,1136.42,1623.46
P02696,Product 2696,Furniture,1063.34,1519.06
P02697,Product 2697,Furniture,709.4,1013.43
P02698,Product 2698,Furniture,1121.11,1601.58
P02699,Product 2699,Grocery,98.8,141.14
P02700,Product 2700,Electronics,1398.82,1998.32
P02701,Product 2701,Clothing,508.93,727.05
P02702,Product 2702,Clothing,11.59,16.56
P02703,Product 2703,Grocery,1134.83,1621.19
P02704,Product 2704,Electronics,620.55,886.5
P02705,Product 2705,Clothing,210.59,300.85
P02706,Product 2706,Electronics,305.48,436.4
P02707,Product 2707,Clothing,842.27,1203.25
P02708,Product 2708,Electronics,1262.22,1803.17
P02709,Product 2709,Grocery,252.85,361.21
P02710,Product 2710,Furniture,717.57,1025.1
P02711,Product 2711,Grocery,836.38,1194.83
P02712,Product 2712,Grocery,1011.45,1444.93
P02713,Product 2713,Electronics,924.66,1320.95
P02714,Product 2714,Furniture,1366.63,1952.33
P02715,Product 2715,Electronics,867.24,1238.92
P02716,Product 2716,Furniture,750.62,1072.32
P02717,Product 2717,Electronics,172.84,246.91
P02718,Product 2718,Furniture,39.72,56.74
P02719,Product 2719,Furniture,1119.73,1599.62
P02720,Product 2720,Furniture,192.3,274.71
P02721,Product 2721,Clothing,42.09,60.13
P02722,Product 2722,Grocery,947.3,1353.28
P02723,Product 2723,Furniture,865.22,1236.03
P02724,Product 2724,Grocery,476.38,680.55
P02725,Product 2725,Grocery,242.19,345.99
P02726,Product 2726,Clothing,365.52,522.17
P02727,Product 2727,Grocery,988.34,1411.91
P02728,Product 2728,Furniture,517.82,739.74
P02729,Product 2729,Furniture,730.67,1043.81
P02730,Product 2730,Clothing,795.94,1137.06
P02731,Product 2731,Electronics,1288.61,1840.87
P02732,Product 2732,Grocery,625.59,893.7
P02733,Product 2733,Furniture,559.17,798.82
P02734,Product 2734,Electronics,1030.34,1471.92
P02735,Product 2735,Furniture,391.3,559
P02736,Product 2736,Electronics,1244.99,1778.56
P02737,Product 2737,Electronics,511.28,730.4
P02738,Product 2738,Furniture,280.64,400.92
P02739,Product 2739,Grocery,1360.32,1943.31
P02740,Product 2740,Electronics,68.56,97.94
P02741,Product 2741,Furniture,1318.28,1883.26
P02742,Product 2742,Clothing,1077.05,1538.64
P02743,Product 2743,Electronics,840.43,1200.62
P02744,Product 2744,Grocery,48.94,69.92
P02745,Product 2745,Clothing,735.02,1050.03
P02746,Product 2746,Grocery,401.27,573.24
P02747,Product 2747,Clothing,1222.11,1745.87
P02748,Product 2748,Clothing,980.37,1400.53
P02749,Product 2749,Electronics,326.18,465.97
P02750,Product 2750,Electronics,296.57,423.67
P02751,Product 2751,Electronics,1308.29,1868.99
P02752,Product 2752,Grocery,748.51,1069.3
P02753,Product 2753,Clothing,892.77,1275.38
P02754,Product 2754,Clothing,128.82,184.03
P02755,Product 2755,Grocery,1365.93,1951.33
P02756,Product 2756,Grocery,1394.2,1991.71
P02757,Product 2757,Electronics,1247.2,1781.72
P02758,Product 2758,Furniture,72.86,104.09
P02759,Product 2759,Furniture,391.33,559.05
P02760,Product 2760,Furniture,152.42,217.74
P02761,Product 2761,Clothing,261.51,373.58
P02762,Product 2762,Clothing,1111.13,1587.33
P02763,Product 2763,Clothing,905.86,1294.08
P02764,Product 2764,Furniture,208.73,298.18
P02765,Product 2765,Electronics,907.01,1295.73
P02766,Product 2766,Furniture,982.29,1403.27
P02767,Product 2767,Clothing,243.34,347.63
P02768,Product 2768,Electronics,869.41,1242.02
P02769,Product 2769,Clothing,495.23,707.47
P02770,Product 2770,Furniture,695.43,993.47
P02771,Product 2771,Clothing,176.11,251.59
P02772,Product 2772,Electronics,597.6,853.72
P02773,Product 2773,Grocery,349.21,498.87
P02774,Product 2774,Clothing,394.1,563
P02775,Product 2775,Furniture,39.05,55.79
P02776,Product 2776,Grocery,432.75,618.22
P02777,Product 2777,Electronics,237.76,339.66
P02778,Product 2778,Clothing,107.22,153.17
P02779,Product 2779,Clothing,1374.67,1963.82
P02780,Product 2780,Electronics,333.38,476.26
P02781,Product 2781,Grocery,932.83,1332.61
P02782,Product 2782,Clothing,348.84,498.34
P02783,Product 2783,Grocery,482.54,689.35
P02784,Product 2784,Clothing,1141.66,1630.95
P02785,Product 2785,Grocery,191.21,273.16
P02786,Product 2786,Electronics,688.85,984.07
P02787,Product 2787,Clothing,474.02,677.17
P02788,Product 2788,Clothing,254.58,363.69
P02789,Product 2789,Furniture,217.76,311.08
P02790,Product 2790,Grocery,1287.56,1839.37
P02791,Product 2791,Furniture,686.27,980.39
P02792,Product 2792,Furniture,197.34,281.92
P02793,Product 2793,Grocery,552.52,789.31
P02794,Product 2794,Electronics,1134.38,1620.55
P02795,Product 2795,Electronics,733.8,1048.29
P02796,Product 2796,Electronics,120.67,172.38
P02797,Product 2797,Grocery,74.3,106.15
P02798,Product 2798,Furniture,1326.1,1894.43
P02799,Product 2799,Clothing,968.65,1383.79
P02800,Product 2800,Electronics,1211.86,1731.23
P02801,Product 2801,Grocery,1133.21,1618.87
P02802,Product 2802,Grocery,938.55,1340.78
P02803,Product 2803,Furniture,512.53,732.18
P02804,Product 2804,Clothing,667.97,954.24
P02805,Product 2805,Electronics,880.28,1257.55
P02806,Product 2806,Electronics,67.31,96.16
P02807,Product 2807,Furniture,838.96,1198.51
P02808,Product 2808,Electronics,938.13,1340.18
P02809,Product 2809,Electronics,938.7,1341
P02810,Product 2810,Clothing,746.68,1066.69
P02811,Product 2811,Furniture,427.22,610.32
P02812,Product 2812,Electronics,880.7,1258.14
P02813,Product 2813,Electronics,22.09,31.55
P02814,Product 2814,Clothing,580.7,829.57
P02815,Product 2815,Furniture,456.82,652.6
P02816,Product 2816,Electronics,848.63,1212.33
P02817,Product 2817,Grocery,1196.62,1709.46
P02818,Product 2818,Electronics,1205.99,1722.85
P02819,Product 2819,Clothing,641.23,916.05
P02820,Product 2820,Clothing,1156.77,1652.53
P02821,Product 2821,Grocery,714.78,1021.11
P02822,Product 2822,Electronics,44.95,64.21
P02823,Product 2823,Electronics,113.95,162.79
P02824,Product 2824,Clothing,1045.81,1494.02
P02825,Product 2825,Grocery,1354.7,1935.29
P02826,Product 2826,Grocery,1156.71,1652.45
P02827,Product 2827,Furniture,1279.42,1827.75
P02828,Product 2828,Furniture,824.12,1177.32
P02829,Product 2829,Furniture,645.62,922.31
P02830,Product 2830,Grocery,79.77,113.96
P02831,Product 2831,Grocery,923.91,1319.87
P02832,Product 2832,Furniture,251.15,358.79
P02833,Product 2833,Clothing,15.83,22.62
P02834,Product 2834,Clothing,868.46,1240.66
P02835,Product 2835,Clothing,275.04,392.92
P02836,Product 2836,Clothing,384.22,548.88
P02837,Product 2837,Electronics,885.84,1265.49
P02838,Product 2838,Clothing,1367.69,1953.84
P02839,Product 2839,Electronics,958.02,1368.6
P02840,Product 2840,Grocery,646.06,922.94
P02841,Product 2841,Electronics,428.04,611.49
P02842,Product 2842,Grocery,530.93,758.47
P02843,Product 2843,Clothing,158.83,226.9
P02844,Product 2844,Clothing,46.33,66.18
P02845,Product 2845,Clothing,390.89,558.41
P02846,Product 2846,Clothing,881.19,1258.85
P02847,Product 2847,Clothing,1341.4,1916.29
P02848,Product 2848,Grocery,402.11,574.44
P02849,Product 2849,Grocery,505.54,722.2
P02850,Product 2850,Grocery,1178.47,1683.53
P02851,Product 2851,Electronics,1006.14,1437.35
P02852,Product 2852,Electronics,641.26,916.08
P02853,Product 2853,Grocery,1210.99,1729.98
P02854,Product 2854,Furniture,916,1308.57
P02855,Product 2855,Grocery,300.8,429.71
P02856,Product 2856,Grocery,653.48,933.54
P02857,Product 2857,Electronics,113.5,162.14
P02858,Product 2858,Clothing,827.62,1182.32
P02859,Product 2859,Electronics,906.94,1295.63
P02860,Product 2860,Clothing,1035.02,1478.6
P02861,Product 2861,Electronics,342.11,488.73
P02862,Product 2862,Furniture,13.99,19.98
P02863,Product 2863,Furniture,635.24,907.49
P02864,Product 2864,Grocery,1026.71,1466.73
P02865,Product 2865,Electronics,933.97,1334.25
P02866,Product 2866,Furniture,588.64,840.91
P02867,Product 2867,Clothing,708.8,1012.57
P02868,Product 2868,Clothing,500.65,715.22
P02869,Product 2869,Grocery,913.36,1304.8
P02870,Product 2870,Grocery,1102.76,1575.37
P02871,Product 2871,Electronics,140.2,200.29
P02872,Product 2872,Clothing,1379.33,1970.47
P02873,Product 2873,Grocery,789.24,1127.48
P02874,Product 2874,Clothing,551.61,788.01
P02875,Product 2875,Electronics,1157.3,1653.28
P02876,Product 2876,Electronics,1202.32,1717.6
P02877,Product 2877,Clothing,716.65,1023.78
P02878,Product 2878,Furniture,269.92,385.6
P02879,Product 2879,Clothing,976.52,1395.03
P02880,Product 2880,Furniture,1360.84,1944.06
P02881,Product 2881,Clothing,554.65,792.36
P02882,Product 2882,Grocery,325.21,464.59
P02883,Product 2883,Furniture,1138.13,1625.9
P02884,Product 2884,Furniture,26.87,38.39
P02885,Product 2885,Electronics,740.19,1057.42
P02886,Product 2886,Electronics,580.12,828.75
P02887,Product 2887,Clothing,418.94,598.48
P02888,Product 2888,Furniture,195.63,279.47
P02889,Product 2889,Furniture,514.58,735.12
P02890,Product 2890,Grocery,326.51,466.45
P02891,Product 2891,Furniture,1290.14,1843.06
P02892,Product 2892,Furniture,853.26,1218.95
P02893,Product 2893,Furniture,950.33,1357.62
P02894,Product 2894,Grocery,440.61,629.44
P02895,Product 2895,Clothing,285.63,408.04
P02896,Product 2896,Electronics,1277.22,1824.6
P02897,Product 2897,Grocery,1125.12,1607.31
P02898,Product 2898,Electronics,1098.51,1569.3
P02899,Product 2899,Furniture,1348.3,1926.14
P02900,Product 2900,Furniture,467.13,667.33
P02901,Product 2901,Furniture,14.82,21.17
P02902,Product 2902,Clothing,1274.98,1821.4
P02903,Product 2903,Electronics,1276.67,1823.82
P02904,Product 2904,Clothing,376.4,537.72
P02905,Product 2905,Grocery,1023.01,1461.44
P02906,Product 2906,Clothing,658.53,940.76
P02907,Product 2907,Electronics,1318.74,1883.91
P02908,Product 2908,Electronics,559.33,799.05
P02909,Product 2909,Furniture,911.25,1301.79
P02910,Product 2910,Electronics,843.58,1205.12
P02911,Product 2911,Clothing,576.5,823.57
P02912,Product 2912,Furniture,217.1,310.14
P02913,Product 2913,Grocery,505.55,722.21
P02914,Product 2914,Electronics,984.56,1406.51
P02915,Product 2915,Electronics,33.27,47.53
P02916,Product 2916,Clothing,1368.53,1955.04
P02917,Product 2917,Electronics,123.83,176.9
P02918,Product 2918,Electronics,761.17,1087.39
P02919,Product 2919,Grocery,613.1,875.85
P02920,Product 2920,Grocery,46.43,66.33
P02921,Product 2921,Clothing,596.69,852.41
P02922,Product 2922,Electronics,550.03,785.76
P02923,Product 2923,Furniture,850.17,1214.53
P02924,Product 2924,Electronics,731.89,1045.56
P02925,Product 2925,Clothing,759.59,1085.13
P02926,Product 2926,Furniture,1025.33,1464.76
P02927,Product 2927,Clothing,105.22,150.32
P02928,Product 2928,Grocery,886,1265.71
P02929,Product 2929,Furniture,1036.69,1480.98
P02930,Product 2930,Clothing,645.69,922.42
P02931,Product 2931,Furniture,1393.65,1990.93
P02932,Product 2932,Furniture,1000.23,1428.9
P02933,Product 2933,Grocery,366.9,524.15
P02934,Product 2934,Clothing,1021.68,1459.55
P02935,Product 2935,Furniture,959.17,1370.24
P02936,Product 2936,Grocery,737.27,1053.24
P02937,Product 2937,Furniture,1194.54,1706.49
P02938,Product 2938,Electronics,767.72,1096.75
P02939,Product 2939,Furniture,708.67,1012.38
P02940,Product 2940,Clothing,1290.56,1843.66
P02941,Product 2941,Furniture,707.66,1010.95
P02942,Product 2942,Grocery,1093.43,1562.04
P02943,Product 2943,Furniture,1381.05,1972.93
P02944,Product 2944,Grocery,490.92,701.31
P02945,Product 2945,Grocery,152.59,217.98
P02946,Product 2946,Grocery,717.31,1024.73
P02947,Product 2947,Grocery,326.65,466.65
P02948,Product 2948,Clothing,512.72,732.45
P02949,Product 2949,Furniture,660.38,943.4
P02950,Product 2950,Clothing,37.68,53.83
P02951,Product 2951,Grocery,493.95,705.64
P02952,Product 2952,Furniture,1001.64,1430.91
P02953,Product 2953,Electronics,1127.9,1611.28
P02954,Product 2954,Furniture,340.49,486.42
P02955,Product 2955,Electronics,107.12,153.03
P02956,Product 2956,Clothing,1140.66,1629.51
P02957,Product 2957,Electronics,309.51,442.16
P02958,Product 2958,Furniture,302.19,431.7
P02959,Product 2959,Clothing,102.08,145.83
P02960,Product 2960,Electronics,29.85,42.64
P02961,Product 2961,Clothing,1302.66,1860.95
P02962,Product 2962,Grocery,1189.1,1698.72
P02963,Product 2963,Furniture,732,1045.71
P02964,Product 2964,Furniture,837.54,1196.48
P02965,Product 2965,Clothing,528.19,754.56
P02966,Product 2966,Electronics,472.44,674.91
P02967,Product 2967,Electronics,979.44,1399.2
P02968,Product 2968,Furniture,986.9,1409.86
P02969,Product 2969,Clothing,451.26,644.66
P02970,Product 2970,Clothing,168.16,240.23
P02971,Product 2971,Electronics,754.35,1077.64
P02972,Product 2972,Furniture,362.5,517.86
P02973,Product 2973,Grocery,1315.41,1879.16
P02974,Product 2974,Furniture,1117.33,1596.19
P02975,Product 2975,Grocery,801.49,1144.99
P02976,Product 2976,Electronics,723.71,1033.87
P02977,Product 2977,Grocery,1118.54,1597.91
P02978,Product 2978,Clothing,371.98,531.4
P02979,Product 2979,Clothing,1159.61,1656.59
P02980,Product 2980,Furniture,274.75,392.5
P02981,Product 2981,Grocery,1019.85,1456.93
P02982,Product 2982,Clothing,580.01,828.59
P02983,Product 2983,Grocery,423.37,604.81
P02984,Product 2984,Furniture,290.15,414.5
P02985,Product 2985,Electronics,927.17,1324.53
P02986,Product 2986,Clothing,1015.52,1450.75
P02987,Product 2987,Clothing,620.19,885.99
P02988,Product 2988,Electronics,1166.19,1665.99
P02989,Product 2989,Furniture,831.64,1188.06
P02990,Product 2990,Electronics,750.9,1072.71
P02991,Product 2991,Furniture,889.94,1271.34
P02992,Product 2992,Electronics,291.43,416.33
P02993,Product 2993,Furniture,1332.49,1903.56
P02994,Product 2994,Clothing,446.59,637.99
P02995,Product 2995,Furniture,677.46,967.8
P02996,Product 2996,Grocery,751.67,1073.81
P02997,Product 2997,Electronics,-7,-10
P02998,Product 2998,Electronics,1106.84,1581.2
P02999,Product 2999,Furniture,1391.58,1987.97
P03000,Product 3000,Clothing,963.19,1375.99
P03001,Product 3001,Furniture,593.92,848.46
P03002,Product 3002,Grocery,459.28,656.12
P03003,Product 3003,Furniture,689.67,985.25
P03004,Product 3004,Grocery,755.62,1079.46
P03005,Product 3005,Furniture,1181.82,1688.31
P03006,Product 3006,Clothing,932.65,1332.36
P03007,Product 3007,Electronics,358.94,512.77
P03008,Product 3008,Grocery,604.04,862.91
P03009,Product 3009,Clothing,443.39,633.41
P03010,Product 3010,Grocery,610.43,872.05
P03011,Product 3011,Furniture,1237.1,1767.28
P03012,Product 3012,Furniture,731.2,1044.57
P03013,Product 3013,Clothing,198.58,283.68
P03014,Product 3014,Furniture,16.63,23.76
P03015,Product 3015,Grocery,582.98,832.83
P03016,Product 3016,Grocery,75.98,108.54
P03017,Product 3017,Electronics,751.58,1073.68
P03018,Product 3018,Clothing,1289.08,1841.55
P03019,Product 3019,Grocery,1021.79,1459.7
P03020,Product 3020,Grocery,605.6,865.14
P03021,Product 3021,Electronics,747.07,1067.25
P03022,Product 3022,Grocery,1137.05,1624.36
P03023,Product 3023,Electronics,918.99,1312.85
P03024,Product 3024,Electronics,622.32,889.03
P03025,Product 3025,Electronics,1308.85,1869.79
P03026,Product 3026,Clothing,992.14,1417.34
P03027,Product 3027,Clothing,602.34,860.48
P03028,Product 3028,Electronics,1027.85,1468.36
P03029,Product 3029,Electronics,103.96,148.52
P03030,Product 3030,Clothing,21.13,30.19
P03031,Product 3031,Furniture,950.62,1358.03
P03032,Product 3032,Grocery,1293.48,1847.83
P03033,Product 3033,Furniture,399.55,570.79
P03034,Product 3034,Grocery,948.14,1354.48
P03035,Product 3035,Clothing,78.6,112.28
P03036,Product 3036,Grocery,1067.16,1524.51
P03037,Product 3037,Electronics,254.37,363.38
P03038,Product 3038,Grocery,634.54,906.49
P03039,Product 3039,Clothing,186.07,265.81
P03040,Product 3040,Grocery,361.12,515.88
P03041,Product 3041,Furniture,812.69,1160.98
P03042,Product 3042,Grocery,919.67,1313.82
P03043,Product 3043,Grocery,205.12,293.03
P03044,Product 3044,Grocery,301.04,430.06
P03045,Product 3045,Furniture,1299.75,1856.79
P03046,Product 3046,Grocery,1387.9,1982.72
P03047,Product 3047,Furniture,499.2,713.14
P03048,Product 3048,Clothing,1109.77,1585.39
P03049,Product 3049,Grocery,766.66,1095.23
P03050,Product 3050,Grocery,813.69,1162.41
P03051,Product 3051,Clothing,1333.18,1904.54
P03052,Product 3052,Clothing,744.86,1064.09
P03053,Product 3053,Electronics,1141.65,1630.93
P03054,Product 3054,Furniture,98.92,141.32
P03055,Product 3055,Furniture,859.64,1228.06
P03056,Product 3056,Electronics,1321.14,1887.34
P03057,Product 3057,Electronics,973.3,1390.43
P03058,Product 3058,Clothing,131.4,187.71
P03059,Product 3059,Furniture,797.28,1138.97
P03060,Product 3060,Clothing,42.27,60.38
P03061,Product 3061,Furniture,1271,1815.71
P03062,Product 3062,Furniture,1385.73,1979.61
P03063,Product 3063,Grocery,319.33,456.19
P03064,Product 3064,Grocery,472.48,674.97
P03065,Product 3065,Grocery,184.73,263.9
P03066,Product 3066,Clothing,731.39,1044.85
P03067,Product 3067,Clothing,1038.97,1484.25
P03068,Product 3068,Grocery,349.43,499.18
P03069,Product 3069,Electronics,1016.8,1452.57
P03070,Product 3070,Clothing,194.85,278.36
P03071,Product 3071,Clothing,365.62,522.32
P03072,Product 3072,Clothing,286.75,409.65
P03073,Product 3073,Clothing,693.44,990.63
P03074,Product 3074,Grocery,633.12,904.45
P03075,Product 3075,Clothing,922.31,1317.59
P03076,Product 3076,Furniture,1391.3,1987.57
P03077,Product 3077,Electronics,621.04,887.2
P03078,Product 3078,Furniture,1275.67,1822.38
P03079,Product 3079,Furniture,840.13,1200.18
P03080,Product 3080,Electronics,1072.14,1531.63
P03081,Product 3081,Grocery,1154.71,1649.59
P03082,Product 3082,Furniture,697.33,996.19
P03083,Product 3083,Electronics,44.15,63.07
P03084,Product 3084,Clothing,961.86,1374.08
P03085,Product 3085,Electronics,917.6,1310.86
P03086,Product 3086,Clothing,339.88,485.54
P03087,Product 3087,Clothing,214.3,306.14
P03088,Product 3088,Electronics,1226.19,1751.7
P03089,Product 3089,Grocery,441.82,631.17
P03090,Product 3090,Grocery,543.68,776.69
P03091,Product 3091,Furniture,86.79,123.99
P03092,Product 3092,Furniture,16.62,23.75
P03093,Product 3093,Furniture,125.38,179.11
P03094,Product 3094,Grocery,917.03,1310.04
P03095,Product 3095,Clothing,1061.56,1516.52
P03096,Product 3096,Electronics,761.31,1087.59
P03097,Product 3097,Clothing,919.61,1313.73
P03098,Product 3098,Electronics,701.34,1001.91
P03099,Product 3099,Electronics,669.35,956.21
P03100,Product 3100,Grocery,523.85,748.36
P03101,Product 3101,Electronics,817.63,1168.04
P03102,Product 3102,Furniture,301.53,430.76
P03103,Product 3103,Furniture,987.2,1410.28
P03104,Product 3104,Grocery,1058.27,1511.81
P03105,Product 3105,Electronics,331.98,474.26
P03106,Product 3106,Furniture,162.75,232.5
P03107,Product 3107,Furniture,1024.92,1464.17
P03108,Product 3108,Furniture,307.38,439.12
P03109,Product 3109,Grocery,533.97,762.81
P03110,Product 3110,Grocery,1256.21,1794.59
P03111,Product 3111,Grocery,1172.09,1674.41
P03112,Product 3112,Grocery,1060.85,1515.5
P03113,Product 3113,Electronics,350.58,500.83
P03114,Product 3114,Electronics,885.44,1264.92
P03115,Product 3115,Furniture,884.66,1263.8
P03116,Product 3116,Clothing,740.5,1057.86
P03117,Product 3117,Electronics,783.6,1119.43
P03118,Product 3118,Clothing,885.9,1265.57
P03119,Product 3119,Electronics,1202.84,1718.34
P03120,Product 3120,Grocery,737.14,1053.06
P03121,Product 3121,Furniture,665.38,950.54
P03122,Product 3122,Electronics,1212.48,1732.12
P03123,Product 3123,Clothing,100.65,143.79
P03124,Product 3124,Grocery,874.31,1249.01
P03125,Product 3125,Grocery,52.26,74.65
P03126,Product 3126,Grocery,1330.23,1900.33
P03127,Product 3127,Clothing,88.96,127.09
P03128,Product 3128,Electronics,1099.7,1571
P03129,Product 3129,Electronics,269.73,385.33
P03130,Product 3130,Clothing,877.35,1253.36
P03131,Product 3131,Clothing,947.02,1352.89
P03132,Product 3132,Furniture,800.16,1143.09
P03133,Product 3133,Grocery,368.35,526.22
P03134,Product 3134,Furniture,956.79,1366.85
P03135,Product 3135,Grocery,201.44,287.77
P03136,Product 3136,Grocery,1307.48,1867.83
P03137,Product 3137,Furniture,814.08,1162.97
P03138,Product 3138,Grocery,119.03,170.04
P03139,Product 3139,Electronics,761.04,1087.2
P03140,Product 3140,Grocery,1102.04,1574.35
P03141,Product 3141,Electronics,1192.3,1703.29
P03142,Product 3142,Clothing,802.21,1146.02
P03143,Product 3143,Electronics,1027.12,1467.31
P03144,Product 3144,Furniture,871.85,1245.5
P03145,Product 3145,Grocery,105.74,151.06
P03146,Product 3146,Electronics,1343.8,1919.71
P03147,Product 3147,Clothing,470.53,672.19
P03148,Product 3148,Grocery,95.05,135.79
P03149,Product 3149,Furniture,443.71,633.87
P03150,Product 3150,Grocery,1209.84,1728.35
P03151,Product 3151,Furniture,77.54,110.77
P03152,Product 3152,Electronics,1395.48,1993.55
P03153,Product 3153,Electronics,1115.74,1593.91
P03154,Product 3154,Electronics,918.43,1312.05
P03155,Product 3155,Clothing,195.25,278.93
P03156,Product 3156,Furniture,1019.97,1457.1
P03157,Product 3157,Grocery,1203.86,1719.8
P03158,Product 3158,Clothing,864.96,1235.66
P03159,Product 3159,Furniture,192.12,274.46
P03160,Product 3160,Grocery,1307.72,1868.17
P03161,Product 3161,Electronics,261.57,373.67
P03162,Product 3162,Grocery,796.29,1137.56
P03163,Product 3163,Grocery,777.83,1111.18
P03164,Product 3164,Grocery,126.83,181.19
P03165,Product 3165,Furniture,123.56,176.51
P03166,Product 3166,Furniture,202.44,289.2
P03167,Product 3167,Grocery,464.61,663.73
P03168,Product 3168,Clothing,22.9,32.72
P03169,Product 3169,Furniture,732.51,1046.44
P03170,Product 3170,Electronics,1257.23,1796.05
P03171,Product 3171,Grocery,631.77,902.53
P03172,Product 3172,Clothing,10.19,14.55
P03173,Product 3173,Furniture,197.01,281.44
P03174,Product 3174,Electronics,7.76,11.08
P03175,Product 3175,Grocery,1029.1,1470.14
P03176,Product 3176,Furniture,442.85,632.65
P03177,Product 3177,Clothing,710.14,1014.48
P03178,Product 3178,Furniture,1168.77,1669.67
P03179,Product 3179,Electronics,372.62,532.31
P03180,Product 3180,Clothing,724.55,1035.07
P03181,Product 3181,Furniture,756.31,1080.44
P03182,Product 3182,Electronics,503.21,718.87
P03183,Product 3183,Furniture,235.89,336.99
P03184,Product 3184,Grocery,212,302.86
P03185,Product 3185,Furniture,1364.01,1948.59
P03186,Product 3186,Furniture,951.81,1359.73
P03187,Product 3187,Grocery,1337.94,1911.35
P03188,Product 3188,Electronics,379.03,541.47
P03189,Product 3189,Furniture,214.26,306.08
P03190,Product 3190,Electronics,1371.65,1959.5
P03191,Product 3191,Electronics,607.7,868.14
P03192,Product 3192,Clothing,195.49,279.27
P03193,Product 3193,Grocery,410.28,586.11
P03194,Product 3194,Grocery,935.56,1336.51
P03195,Product 3195,Clothing,1340.1,1914.43
P03196,Product 3196,Furniture,222.93,318.47
P03197,Product 3197,Electronics,507.9,725.57
P03198,Product 3198,Clothing,1016.55,1452.22
P03199,Product 3199,Grocery,477.09,681.56
P03200,Product 3200,Electronics,1235.28,1764.68
P03201,Product 3201,Furniture,384.07,548.67
P03202,Product 3202,Furniture,1343.62,1919.46
P03203,Product 3203,Grocery,186.13,265.9
P03204,Product 3204,Furniture,833.75,1191.07
P03205,Product 3205,Clothing,1044.29,1491.85
P03206,Product 3206,Grocery,489.04,698.63
P03207,Product 3207,Grocery,10.04,14.35
P03208,Product 3208,Furniture,895.47,1279.25
P03209,Product 3209,Grocery,278.84,398.35
P03210,Product 3210,Electronics,1328.8,1898.28
P03211,Product 3211,Grocery,189.45,270.65
P03212,Product 3212,Furniture,146.36,209.08
P03213,Product 3213,Clothing,13.41,19.16
P03214,Product 3214,Grocery,1328.74,1898.2
P03215,Product 3215,Furniture,719.59,1027.98
P03216,Product 3216,Electronics,1064.8,1521.14
P03217,Product 3217,Clothing,1321.33,1887.62
P03218,Product 3218,Grocery,61.25,87.5
P03219,Product 3219,Electronics,1036.36,1480.51
P03220,Product 3220,Electronics,417.37,596.24
P03221,Product 3221,Grocery,298.28,426.11
P03222,Product 3222,Grocery,255.56,365.08
P03223,Product 3223,Clothing,323.87,462.67
P03224,Product 3224,Electronics,825.05,1178.64
P03225,Product 3225,Furniture,779.48,1113.55
P03226,Product 3226,Clothing,1186.93,1695.61
P03227,Product 3227,Grocery,1174.68,1678.12
P03228,Product 3228,Furniture,1157.3,1653.28
P03229,Product 3229,Clothing,1089.93,1557.05
P03230,Product 3230,Grocery,90.51,129.3
P03231,Product 3231,Clothing,1197.53,1710.76
P03232,Product 3232,Electronics,1307.27,1867.53
P03233,Product 3233,Furniture,287.78,411.12
P03234,Product 3234,Electronics,426.45,609.21
P03235,Product 3235,Clothing,149.02,212.88
P03236,Product 3236,Clothing,372.5,532.14
P03237,Product 3237,Electronics,642.11,917.3
P03238,Product 3238,Grocery,908.52,1297.89
P03239,Product 3239,Grocery,937.73,1339.61
P03240,Product 3240,Furniture,159.8,228.28
P03241,Product 3241,Furniture,653.71,933.87
P03242,Product 3242,Clothing,1082.72,1546.75
P03243,Product 3243,Clothing,228.34,326.2
P03244,Product 3244,Electronics,1111.49,1587.85
P03245,Product 3245,Furniture,1165.19,1664.56
P03246,Product 3246,Furniture,632.36,903.37
P03247,Product 3247,Grocery,623.37,890.53
P03248,Product 3248,Clothing,1354.21,1934.58
P03249,Product 3249,Furniture,278.62,398.03
P03250,Product 3250,Furniture,38.39,54.85
P03251,Product 3251,Electronics,456.79,652.56
P03252,Product 3252,Clothing,854.94,1221.35
P03253,Product 3253,Electronics,1359.93,1942.76
P03254,Product 3254,Grocery,466.67,666.67
P03255,Product 3255,Grocery,459.04,655.77
P03256,Product 3256,Furniture,1007.11,1438.73
P03257,Product 3257,Furniture,195.31,279.01
P03258,Product 3258,Electronics,248.86,355.52
P03259,Product 3259,Furniture,245.43,350.61
P03260,Product 3260,Grocery,1381.27,1973.25
P03261,Product 3261,Clothing,717.07,1024.38
P03262,Product 3262,Furniture,996.94,1424.2
P03263,Product 3263,Furniture,1134.52,1620.75
P03264,Product 3264,Furniture,962.21,1374.59
P03265,Product 3265,Electronics,1217.92,1739.88
P03266,Product 3266,Clothing,637.8,911.15
P03267,Product 3267,Furniture,1072.89,1532.7
P03268,Product 3268,Furniture,797.62,1139.46
P03269,Product 3269,Furniture,427.65,610.93
P03270,Product 3270,Electronics,1176.43,1680.62
P03271,Product 3271,Furniture,1121.76,1602.52
P03272,Product 3272,Clothing,438.63,626.62
P03273,Product 3273,Furniture,1181.17,1687.39
P03274,Product 3274,Electronics,318.59,455.13
P03275,Product 3275,Grocery,482.81,689.73
P03276,Product 3276,Grocery,711.6,1016.57
P03277,Product 3277,Electronics,395.49,564.98
P03278,Product 3278,Electronics,38.11,54.44
P03279,Product 3279,Furniture,635.77,908.25
P03280,Product 3280,Clothing,1129.37,1613.38
P03281,Product 3281,Furniture,133.29,190.42
P03282,Product 3282,Electronics,702.26,1003.23
P03283,Product 3283,Furniture,827.17,1181.67
P03284,Product 3284,Furniture,164.46,234.94
P03285,Product 3285,Grocery,10.35,14.79
P03286,Product 3286,Clothing,835.15,1193.07
P03287,Product 3287,Clothing,561.01,801.45
P03288,Product 3288,Grocery,1238.97,1769.96
P03289,Product 3289,Electronics,209.85,299.79
P03290,Product 3290,Grocery,863.31,1233.3
P03291,Product 3291,Clothing,92.74,132.49
P03292,Product 3292,Grocery,867.44,1239.2
P03293,Product 3293,Clothing,903.94,1291.34
P03294,Product 3294,Electronics,421.91,602.73
P03295,Product 3295,Furniture,415.02,592.89
P03296,Product 3296,Electronics,1120.96,1601.37
P03297,Product 3297,Electronics,1143.1,1633
P03298,Product 3298,Grocery,737.95,1054.21
P03299,Product 3299,Clothing,1166.91,1667.01
P03300,Product 3300,Electronics,598.82,855.46
P03301,Product 3301,Clothing,40.32,57.6
P03302,Product 3302,Electronics,949.36,1356.23
P03303,Product 3303,Furniture,1195.06,1707.23
P03304,Product 3304,Furniture,432.85,618.36
P03305,Product 3305,Electronics,375.59,536.56
P03306,Product 3306,Grocery,1070.01,1528.58
P03307,Product 3307,Electronics,778.78,1112.55
P03308,Product 3308,Clothing,153.02,218.6
P03309,Product 3309,Grocery,964.26,1377.51
P03310,Product 3310,Grocery,122.57,175.1
P03311,Product 3311,Furniture,196.28,280.4
P03312,Product 3312,Electronics,415.22,593.17
P03313,Product 3313,Furniture,1092.14,1560.2
P03314,Product 3314,Furniture,291.36,416.23
P03315,Product 3315,Grocery,1112.91,1589.87
P03316,Product 3316,Clothing,414.9,592.72
P03317,Product 3317,Grocery,1205.81,1722.59
P03318,Product 3318,Grocery,1238.77,1769.67
P03319,Product 3319,Grocery,495.42,707.75
P03320,Product 3320,Clothing,901.18,1287.4
P03321,Product 3321,Grocery,1252.94,1789.91
P03322,Product 3322,Clothing,1045.79,1493.99
P03323,Product 3323,Clothing,703.67,1005.25
P03324,Product 3324,Electronics,750.18,1071.68
P03325,Product 3325,Grocery,1208.4,1726.28
P03326,Product 3326,Furniture,913.76,1305.37
P03327,Product 3327,Grocery,624.21,891.73
P03328,Product 3328,Electronics,781.35,1116.22
P03329,Product 3329,Grocery,397.81,568.3
P03330,Product 3330,Furniture,266.94,381.35
P03331,Product 3331,Furniture,1286.65,1838.07
P03332,Product 3332,Clothing,1307.13,1867.33
P03333,Product 3333,Clothing,1115.04,1592.92
P03334,Product 3334,Furniture,1368.07,1954.39
P03335,Product 3335,Grocery,127.31,181.87
P03336,Product 3336,Grocery,306.27,437.53
P03337,Product 3337,Grocery,321.61,459.44
P03338,Product 3338,Furniture,1268.39,1811.99
P03339,Product 3339,Electronics,175.6,250.86
P03340,Product 3340,Clothing,985.47,1407.81
P03341,Product 3341,Grocery,1162.69,1660.98
P03342,Product 3342,Electronics,1384.69,1978.13
P03343,Product 3343,Electronics,1001.17,1430.24
P03344,Product 3344,Clothing,77.31,110.44
P03345,Product 3345,Grocery,513.18,733.12
P03346,Product 3346,Grocery,1147.23,1638.9
P03347,Product 3347,Clothing,422.03,602.9
P03348,Product 3348,Electronics,319.29,456.13
P03349,Product 3349,Furniture,1142.64,1632.35
P03350,Product 3350,Furniture,152.29,217.56
P03351,Product 3351,Furniture,1225.55,1750.78
P03352,Product 3352,Furniture,252.03,360.05
P03353,Product 3353,Electronics,450.64,643.77
P03354,Product 3354,Furniture,338.67,483.81
P03355,Product 3355,Grocery,1376.55,1966.5
P03356,Product 3356,Furniture,245.87,351.25
P03357,Product 3357,Furniture,36.03,51.47
P03358,Product 3358,Furniture,711,1015.71
P03359,Product 3359,Clothing,1113.36,1590.52
P03360,Product 3360,Electronics,384.76,549.66
P03361,Product 3361,Electronics,1164.31,1663.3
P03362,Product 3362,Grocery,1076.06,1537.23
P03363,Product 3363,Grocery,649.66,928.09
P03364,Product 3364,Grocery,728.43,1040.62
P03365,Product 3365,Grocery,1109.81,1585.44
P03366,Product 3366,Grocery,1224.8,1749.71
P03367,Product 3367,Furniture,841.94,1202.77
P03368,Product 3368,Clothing,632.26,903.23
P03369,Product 3369,Clothing,735.59,1050.84
P03370,Product 3370,Clothing,290.02,414.32
P03371,Product 3371,Grocery,958.73,1369.61
P03372,Product 3372,Clothing,206.08,294.4
P03373,Product 3373,Grocery,678.86,969.8
P03374,Product 3374,Electronics,175.07,250.1
P03375,Product 3375,Electronics,1095.23,1564.62
P03376,Product 3376,Grocery,1045.42,1493.46
P03377,Product 3377,Clothing,1248.3,1783.29
P03378,Product 3378,Electronics,531.03,758.61
P03379,Product 3379,Clothing,957.42,1367.74
P03380,Product 3380,Electronics,1143.52,1633.6
P03381,Product 3381,Grocery,465.69,665.27
P03382,Product 3382,Grocery,1085.81,1551.16
P03383,Product 3383,Electronics,1134.64,1620.91
P03384,Product 3384,Electronics,656.14,937.34
P03385,Product 3385,Clothing,519.01,741.45
P03386,Product 3386,Clothing,17.25,24.64
P03387,Product 3387,Clothing,635.8,908.28
P03388,Product 3388,Clothing,893.6,1276.57
P03389,Product 3389,Grocery,1027.91,1468.45
P03390,Product 3390,Furniture,1316.37,1880.53
P03391,Product 3391,Clothing,225.46,322.08
P03392,Product 3392,Grocery,1163.02,1661.46
P03393,Product 3393,Clothing,1365.49,1950.7
P03394,Product 3394,Clothing,1321.53,1887.9
P03395,Product 3395,Furniture,946.29,1351.84
P03396,Product 3396,Grocery,566.68,809.54
P03397,Product 3397,Grocery,934.39,1334.85
P03398,Product 3398,Electronics,631.02,901.46
P03399,Product 3399,Clothing,1176.21,1680.3
P03400,Product 3400,Electronics,691.32,987.6
P03401,Product 3401,Grocery,1284.09,1834.42
P03402,Product 3402,Grocery,286.02,408.6
P03403,Product 3403,Grocery,880.23,1257.47
P03404,Product 3404,Furniture,1166.29,1666.13
P03405,Product 3405,Electronics,951.38,1359.11
P03406,Product 3406,Electronics,524.36,749.09
P03407,Product 3407,Furniture,443.18,633.11
P03408,Product 3408,Clothing,138.31,197.58
P03409,Product 3409,Electronics,892.05,1274.36
P03410,Product 3410,Electronics,1325.72,1893.88
P03411,Product 3411,Clothing,698.01,997.16
P03412,Product 3412,Electronics,613.42,876.32
P03413,Product 3413,Electronics,217.72,311.03
P03414,Product 3414,Furniture,314.77,449.67
P03415,Product 3415,Furniture,91.39,130.56
P03416,Product 3416,Clothing,402.84,575.48
P03417,Product 3417,Grocery,1205.62,1722.31
P03418,Product 3418,Grocery,730.14,1043.06
P03419,Product 3419,Clothing,366.92,524.17
P03420,Product 3420,Furniture,444.17,634.53
P03421,Product 3421,Furniture,311.11,444.45
P03422,Product 3422,Electronics,550.21,786.01
P03423,Product 3423,Furniture,102.44,146.34
P03424,Product 3424,Furniture,61.04,87.2
P03425,Product 3425,Grocery,941.97,1345.67
P03426,Product 3426,Grocery,633,904.28
P03427,Product 3427,Clothing,282.15,403.07
P03428,Product 3428,Electronics,507.7,725.28
P03429,Product 3429,Clothing,867.17,1238.81
P03430,Product 3430,Furniture,640.48,914.97
P03431,Product 3431,Electronics,709.03,1012.9
P03432,Product 3432,Grocery,785.32,1121.88
P03433,Product 3433,Clothing,330.55,472.21
P03434,Product 3434,Furniture,131.28,187.54
P03435,Product 3435,Clothing,1170.88,1672.69
P03436,Product 3436,Electronics,572.39,817.7
P03437,Product 3437,Furniture,80.53,115.05
P03438,Product 3438,Electronics,199.68,285.26
P03439,Product 3439,Grocery,84.4,120.57
P03440,Product 3440,Furniture,701.61,1002.3
P03441,Product 3441,Clothing,1081.05,1544.36
P03442,Product 3442,Electronics,1228.45,1754.93
P03443,Product 3443,Grocery,967.88,1382.68
P03444,Product 3444,Clothing,716.44,1023.48
P03445,Product 3445,Grocery,917.78,1311.11
P03446,Product 3446,Furniture,455.24,650.34
P03447,Product 3447,Furniture,693.65,990.93
P03448,Product 3448,Clothing,61.04,87.2
P03449,Product 3449,Furniture,802.07,1145.82
P03450,Product 3450,Furniture,988.33,1411.9
P03451,Product 3451,Grocery,1275.37,1821.96
P03452,Product 3452,Grocery,243.55,347.93
P03453,Product 3453,Electronics,680.67,972.38
P03454,Product 3454,Grocery,265.35,379.07
P03455,Product 3455,Furniture,246.88,352.69
P03456,Product 3456,Electronics,1339.47,1913.53
P03457,Product 3457,Grocery,595.87,851.24
P03458,Product 3458,Furniture,344.36,491.94
P03459,Product 3459,Grocery,1386.51,1980.73
P03460,Product 3460,Grocery,519.15,741.64
P03461,Product 3461,Clothing,1328.09,1897.27
P03462,Product 3462,Electronics,890.69,1272.41
P03463,Product 3463,Clothing,890.41,1272.01
P03464,Product 3464,Electronics,573.08,818.69
P03465,Product 3465,Grocery,974.7,1392.43
P03466,Product 3466,Grocery,725.02,1035.74
P03467,Product 3467,Furniture,1021.59,1459.41
P03468,Product 3468,Clothing,1114.29,1591.85
P03469,Product 3469,Grocery,1026.54,1466.49
P03470,Product 3470,Grocery,410.74,586.77
P03471,Product 3471,Furniture,1243.01,1775.73
P03472,Product 3472,Electronics,336.62,480.89
P03473,Product 3473,Electronics,918.56,1312.23
P03474,Product 3474,Electronics,972.8,1389.72
P03475,Product 3475,Electronics,435.42,622.03
P03476,Product 3476,Clothing,737.2,1053.14
P03477,Product 3477,Clothing,543.44,776.35
P03478,Product 3478,Electronics,374.61,535.16
P03479,Product 3479,Furniture,785.53,1122.19
P03480,Product 3480,Grocery,456.92,652.74
P03481,Product 3481,Grocery,180.79,258.27
P03482,Product 3482,Clothing,1396.25,1994.65
P03483,Product 3483,Grocery,887.54,1267.91
P03484,Product 3484,Grocery,967.41,1382.02
P03485,Product 3485,Furniture,706.05,1008.64
P03486,Product 3486,Clothing,76.4,109.14
P03487,Product 3487,Clothing,343.73,491.04
P03488,Product 3488,Grocery,267.82,382.6
P03489,Product 3489,Clothing,1288.98,1841.4
P03490,Product 3490,Furniture,938.06,1340.09
P03491,Product 3491,Furniture,865.85,1236.93
P03492,Product 3492,Grocery,696.05,994.36
P03493,Product 3493,Electronics,1074.07,1534.38
P03494,Product 3494,Grocery,61.35,87.65
P03495,Product 3495,Grocery,1346.04,1922.92
P03496,Product 3496,Furniture,1197.34,1710.48
P03497,Product 3497,Furniture,104.21,148.87
P03498,Product 3498,Furniture,210.13,300.19
P03499,Product 3499,Furniture,1223.26,1747.51
P03500,Product 3500,Electronics,1215.37,1736.24
P03501,Product 3501,Furniture,684.17,977.39
P03502,Product 3502,Electronics,398.42,569.17
P03503,Product 3503,Clothing,402.18,574.55
P03504,Product 3504,Grocery,1048.31,1497.58
P03505,Product 3505,Clothing,802.32,1146.17
P03506,Product 3506,Grocery,1159.61,1656.58
P03507,Product 3507,Furniture,240.08,342.97
P03508,Product 3508,Furniture,266.62,380.88
P03509,Product 3509,Furniture,1255.04,1792.91
P03510,Product 3510,Grocery,757.5,1082.14
P03511,Product 3511,Grocery,622.13,888.76
P03512,Product 3512,Furniture,553.85,791.21
P03513,Product 3513,Grocery,667.37,953.38
P03514,Product 3514,Grocery,474.64,678.06
P03515,Product 3515,Furniture,720.77,1029.67
P03516,Product 3516,Clothing,488,697.14
P03517,Product 3517,Electronics,365.38,521.97
P03518,Product 3518,Electronics,520.63,743.76
P03519,Product 3519,Furniture,746.14,1065.91
P03520,Product 3520,Electronics,891.51,1273.59
P03521,Product 3521,Furniture,218.96,312.8
P03522,Product 3522,Clothing,1112.4,1589.15
P03523,Product 3523,Electronics,1197.32,1710.45
P03524,Product 3524,Electronics,200.45,286.36
P03525,Product 3525,Grocery,982.7,1403.86
P03526,Product 3526,Clothing,1052.89,1504.13
P03527,Product 3527,Furniture,482.1,688.71
P03528,Product 3528,Clothing,425.31,607.59
P03529,Product 3529,Furniture,1014.31,1449.02
P03530,Product 3530,Electronics,1071.06,1530.09
P03531,Product 3531,Furniture,654.71,935.3
P03532,Product 3532,Furniture,278.47,397.81
P03533,Product 3533,Furniture,352.95,504.22
P03534,Product 3534,Grocery,649.15,927.36
P03535,Product 3535,Clothing,1036.85,1481.22
P03536,Product 3536,Clothing,1286.43,1837.76
P03537,Product 3537,Clothing,1069.01,1527.16
P03538,Product 3538,Grocery,724.44,1034.91
P03539,Product 3539,Clothing,466.35,666.21
P03540,Product 3540,Grocery,208.07,297.25
P03541,Product 3541,Electronics,1150.58,1643.69
P03542,Product 3542,Furniture,871.34,1244.77
P03543,Product 3543,Electronics,1113.4,1590.57
P03544,Product 3544,Clothing,776.88,1109.83
P03545,Product 3545,Grocery,1064.81,1521.16
P03546,Product 3546,Clothing,90.55,129.36
P03547,Product 3547,Electronics,602.92,861.31
P03548,Product 3548,Furniture,1091.54,1559.35
P03549,Product 3549,Grocery,997.66,1425.23
P03550,Product 3550,Grocery,1129.32,1613.32
P03551,Product 3551,Clothing,1341.07,1915.82
P03552,Product 3552,Clothing,1242.02,1774.31
P03553,Product 3553,Furniture,957.96,1368.51
P03554,Product 3554,Furniture,1076.58,1537.97
P03555,Product 3555,Furniture,642.96,918.51
P03556,Product 3556,Grocery,445.33,636.18
P03557,Product 3557,Electronics,662.51,946.44
P03558,Product 3558,Electronics,54.68,78.12
P03559,Product 3559,Clothing,467.68,668.12
P03560,Product 3560,Furniture,72.34,103.35
P03561,Product 3561,Furniture,868.01,1240.02
P03562,Product 3562,Clothing,888.04,1268.63
P03563,Product 3563,Grocery,1085.57,1550.81
P03564,Product 3564,Clothing,68.66,98.09
P03565,Product 3565,Electronics,509.67,728.1
P03566,Product 3566,Grocery,1002.99,1432.84
P03567,Product 3567,Electronics,539.5,770.72
P03568,Product 3568,Electronics,678.48,969.26
P03569,Product 3569,Electronics,866.19,1237.41
P03570,Product 3570,Clothing,1283.09,1832.99
P03571,Product 3571,Grocery,10.91,15.58
P03572,Product 3572,Electronics,640.77,915.38
P03573,Product 3573,Furniture,1214.21,1734.58
P03574,Product 3574,Grocery,29.99,42.84
P03575,Product 3575,Electronics,276.13,394.47
P03576,Product 3576,Furniture,557.93,797.04
P03577,Product 3577,Grocery,917.6,1310.86
P03578,Product 3578,Electronics,528.57,755.1
P03579,Product 3579,Grocery,1378.4,1969.14
P03580,Product 3580,Grocery,302.95,432.78
P03581,Product 3581,Clothing,657.69,939.56
P03582,Product 3582,Furniture,171.93,245.62
P03583,Product 3583,Electronics,25.9,37
P03584,Product 3584,Electronics,1160.17,1657.38
P03585,Product 3585,Furniture,55.67,79.53
P03586,Product 3586,Clothing,1070.85,1529.79
P03587,Product 3587,Furniture,861.9,1231.29
P03588,Product 3588,Clothing,105.45,150.64
P03589,Product 3589,Clothing,1270.61,1815.16
P03590,Product 3590,Furniture,1298.81,1855.44
P03591,Product 3591,Furniture,1258.77,1798.25
P03592,Product 3592,Grocery,594.17,848.82
P03593,Product 3593,Grocery,873.02,1247.17
P03594,Product 3594,Grocery,26.82,38.31
P03595,Product 3595,Electronics,740.31,1057.58
P03596,Product 3596,Furniture,567.26,810.37
P03597,Product 3597,Grocery,1196.54,1709.35
P03598,Product 3598,Grocery,64.76,92.51
P03599,Product 3599,Furniture,1335.28,1907.55
P03600,Product 3600,Clothing,1173.11,1675.87
P03601,Product 3601,Electronics,992.62,1418.03
P03602,Product 3602,Furniture,232.39,331.98
P03603,Product 3603,Grocery,1383.92,1977.03
P03604,Product 3604,Grocery,17.35,24.79
P03605,Product 3605,Furniture,320.4,457.71
P03606,Product 3606,Electronics,20.57,29.39
P03607,Product 3607,Electronics,185.27,264.67
P03608,Product 3608,Grocery,293.75,419.65
P03609,Product 3609,Electronics,190.65,272.36
P03610,Product 3610,Clothing,71.99,102.84
P03611,Product 3611,Grocery,65.1,93
P03612,Product 3612,Electronics,185.59,265.13
P03613,Product 3613,Furniture,658.03,940.04
P03614,Product 3614,Electronics,1211.03,1730.05
P03615,Product 3615,Electronics,583.58,833.68
P03616,Product 3616,Electronics,353.51,505.02
P03617,Product 3617,Furniture,485.35,693.36
P03618,Product 3618,Furniture,1117.18,1595.97
P03619,Product 3619,Clothing,644.64,920.92
P03620,Product 3620,Electronics,196.52,280.75
P03621,Product 3621,Electronics,1203.1,1718.71
P03622,Product 3622,Electronics,392.05,560.07
P03623,Product 3623,Grocery,576.79,823.98
P03624,Product 3624,Clothing,579.66,828.08
P03625,Product 3625,Electronics,1281.87,1831.24
P03626,Product 3626,Furniture,638.4,912
P03627,Product 3627,Grocery,26.56,37.94
P03628,Product 3628,Grocery,1089.35,1556.21
P03629,Product 3629,Furniture,1220.47,1743.53
P03630,Product 3630,Electronics,927.63,1325.19
P03631,Product 3631,Grocery,148.85,212.64
P03632,Product 3632,Clothing,185.65,265.21
P03633,Product 3633,Electronics,1101.29,1573.27
P03634,Product 3634,Clothing,30.34,43.35
P03635,Product 3635,Clothing,697.44,996.34
P03636,Product 3636,Clothing,141.06,201.51
P03637,Product 3637,Furniture,1161.45,1659.22
P03638,Product 3638,Clothing,137.82,196.88
P03639,Product 3639,Electronics,578,825.72
P03640,Product 3640,Electronics,1260.55,1800.78
P03641,Product 3641,Electronics,639.95,914.22
P03642,Product 3642,Clothing,416.26,594.66
P03643,Product 3643,Grocery,495.27,707.53
P03644,Product 3644,Furniture,1090.72,1558.17
P03645,Product 3645,Electronics,103.84,148.34
P03646,Product 3646,Furniture,1391.37,1987.67
P03647,Product 3647,Grocery,941.57,1345.1
P03648,Product 3648,Grocery,208.08,297.26
P03649,Product 3649,Electronics,421.42,602.03
P03650,Product 3650,Electronics,536.07,765.82
P03651,Product 3651,Furniture,1159.59,1656.56
P03652,Product 3652,Clothing,816.16,1165.95
P03653,Product 3653,Clothing,111.22,158.88
P03654,Product 3654,Electronics,751.41,1073.44
P03655,Product 3655,Electronics,382.59,546.56
P03656,Product 3656,Clothing,16.44,23.49
P03657,Product 3657,Furniture,1051,1501.43
P03658,Product 3658,Clothing,958.66,1369.52
P03659,Product 3659,Grocery,959.27,1370.38
P03660,Product 3660,Grocery,553.95,791.36
P03661,Product 3661,Furniture,416.73,595.33
P03662,Product 3662,Grocery,768.18,1097.4
P03663,Product 3663,Clothing,668.59,955.13
P03664,Product 3664,Furniture,809.44,1156.35
P03665,Product 3665,Grocery,246.93,352.76
P03666,Product 3666,Furniture,293.72,419.6
P03667,Product 3667,Electronics,298.02,425.74
P03668,Product 3668,Furniture,993.01,1418.59
P03669,Product 3669,Clothing,120.24,171.77
P03670,Product 3670,Grocery,544.93,778.47
P03671,Product 3671,Furniture,22.57,32.25
P03672,Product 3672,Grocery,758.46,1083.52
P03673,Product 3673,Electronics,715.79,1022.56
P03674,Product 3674,Furniture,521.1,744.43
P03675,Product 3675,Electronics,1036.29,1480.41
P03676,Product 3676,Clothing,629.8,899.72
P03677,Product 3677,Electronics,721.9,1031.28
P03678,Product 3678,Grocery,996.46,1423.52
P03679,Product 3679,Clothing,896.2,1280.29
P03680,Product 3680,Furniture,1334.85,1906.93
P03681,Product 3681,Furniture,1020.84,1458.35
P03682,Product 3682,Electronics,196.78,281.11
P03683,Product 3683,Grocery,158.36,226.23
P03684,Product 3684,Furniture,825.45,1179.22
P03685,Product 3685,Electronics,554.13,791.62
P03686,Product 3686,Furniture,905.93,1294.18
P03687,Product 3687,Electronics,623.51,890.73
P03688,Product 3688,Furniture,674.69,963.85
P03689,Product 3689,Grocery,283.16,404.51
P03690,Product 3690,Furniture,527.86,754.08
P03691,Product 3691,Clothing,990.93,1415.61
P03692,Product 3692,Furniture,958.57,1369.39
P03693,Product 3693,Clothing,235.34,336.2
P03694,Product 3694,Furniture,1089.43,1556.33
P03695,Product 3695,Clothing,819.47,1170.67
P03696,Product 3696,Furniture,565.03,807.19
P03697,Product 3697,Grocery,24.24,34.63
P03698,Product 3698,Grocery,1248.53,1783.62
P03699,Product 3699,Electronics,1330.27,1900.39
P03700,Product 3700,Grocery,351.83,502.61
P03701,Product 3701,Furniture,1291.99,1845.7
P03702,Product 3702,Furniture,292.54,417.91
P03703,Product 3703,Electronics,915.83,1308.33
P03704,Product 3704,Furniture,1140.4,1629.14
P03705,Product 3705,Grocery,1269.74,1813.92
P03706,Product 3706,Furniture,1231.72,1759.6
P03707,Product 3707,Electronics,448.69,640.99
P03708,Product 3708,Clothing,331.16,473.09
P03709,Product 3709,Clothing,744.41,1063.45
P03710,Product 3710,Clothing,34.47,49.24
P03711,Product 3711,Clothing,401.52,573.6
P03712,Product 3712,Furniture,1068.4,1526.29
P03713,Product 3713,Grocery,1008.26,1440.37
P03714,Product 3714,Electronics,290.23,414.61
P03715,Product 3715,Furniture,663.19,947.42
P03716,Product 3716,Furniture,232.1,331.57
P03717,Product 3717,Clothing,648.6,926.57
P03718,Product 3718,Clothing,1176.9,1681.28
P03719,Product 3719,Furniture,826.46,1180.65
P03720,Product 3720,Clothing,757.62,1082.32
P03721,Product 3721,Electronics,449.97,642.82
P03722,Product 3722,Electronics,206.35,294.78
P03723,Product 3723,Grocery,385.84,551.2
P03724,Product 3724,Electronics,1220.48,1743.54
P03725,Product 3725,Furniture,728.19,1040.27
P03726,Product 3726,Grocery,472.36,674.8
P03727,Product 3727,Clothing,1158.74,1655.35
P03728,Product 3728,Clothing,725.82,1036.88
P03729,Product 3729,Clothing,609.21,870.3
P03730,Product 3730,Grocery,518.54,740.77
P03731,Product 3731,Grocery,1099.2,1570.28
P03732,Product 3732,Electronics,719.47,1027.81
P03733,Product 3733,Grocery,1182.19,1688.84
P03734,Product 3734,Electronics,3.64,5.2
P03735,Product 3735,Furniture,997.11,1424.44
P03736,Product 3736,Grocery,354.05,505.78
P03737,Product 3737,Furniture,178.84,255.49
P03738,Product 3738,Electronics,194.54,277.91
P03739,Product 3739,Furniture,885.26,1264.66
P03740,Product 3740,Grocery,138.88,198.4
P03741,Product 3741,Grocery,1316.76,1881.09
P03742,Product 3742,Grocery,1305.98,1865.68
P03743,Product 3743,Clothing,680.62,972.32
P03744,Product 3744,Grocery,1291.5,1845
P03745,Product 3745,Clothing,388.96,555.66
P03746,Product 3746,Grocery,723.99,1034.27
P03747,Product 3747,Grocery,334.39,477.7
P03748,Product 3748,Furniture,1103.89,1576.99
P03749,Product 3749,Electronics,130,185.72
P03750,Product 3750,Electronics,984.3,1406.15
P03751,Product 3751,Grocery,498.9,712.72
P03752,Product 3752,Electronics,717.87,1025.53
P03753,Product 3753,Clothing,497.5,710.71
P03754,Product 3754,Furniture,730.26,1043.23
P03755,Product 3755,Clothing,539.54,770.77
P03756,Product 3756,Furniture,1087.39,1553.41
P03757,Product 3757,Grocery,953.21,1361.73
P03758,Product 3758,Grocery,1333.74,1905.35
P03759,Product 3759,Electronics,420.53,600.76
P03760,Product 3760,Clothing,1076.53,1537.9
P03761,Product 3761,Clothing,268.04,382.92
P03762,Product 3762,Electronics,882.64,1260.91
P03763,Product 3763,Furniture,109.66,156.65
P03764,Product 3764,Grocery,840.22,1200.31
P03765,Product 3765,Furniture,344.8,492.57
P03766,Product 3766,Clothing,135.79,193.98
P03767,Product 3767,Furniture,492.97,704.25
P03768,Product 3768,Grocery,616.53,880.76
P03769,Product 3769,Furniture,969.21,1384.59
P03770,Product 3770,Clothing,300.81,429.73
P03771,Product 3771,Furniture,702.29,1003.27
P03772,Product 3772,Grocery,708.65,1012.36
P03773,Product 3773,Furniture,452.33,646.18
P03774,Product 3774,Grocery,1153.9,1648.43
P03775,Product 3775,Clothing,50.98,72.83
P03776,Product 3776,Clothing,1009.2,1441.72
P03777,Product 3777,Electronics,1251.54,1787.91
P03778,Product 3778,Clothing,355.74,508.2
P03779,Product 3779,Furniture,577.65,825.21
P03780,Product 3780,Furniture,1061.42,1516.31
P03781,Product 3781,Clothing,141.09,201.55
P03782,Product 3782,Electronics,1279.05,1827.22
P03783,Product 3783,Electronics,1142.11,1631.59
P03784,Product 3784,Electronics,1313.14,1875.91
P03785,Product 3785,Clothing,1096.91,1567.01
P03786,Product 3786,Grocery,460.71,658.16
P03787,Product 3787,Electronics,809.99,1157.13
P03788,Product 3788,Furniture,911.68,1302.4
P03789,Product 3789,Grocery,657.8,939.71
P03790,Product 3790,Furniture,1387.05,1981.5
P03791,Product 3791,Grocery,1387.2,1981.71
P03792,Product 3792,Clothing,73.42,104.89
P03793,Product 3793,Grocery,650.57,929.39
P03794,Product 3794,Grocery,314.05,448.65
P03795,Product 3795,Electronics,111.29,158.98
P03796,Product 3796,Electronics,388.8,555.43
P03797,Product 3797,Furniture,1133.14,1618.77
P03798,Product 3798,Furniture,429.61,613.73
P03799,Product 3799,Clothing,887.73,1268.18
P03800,Product 3800,Furniture,1179.24,1684.63
P03801,Product 3801,Grocery,375.85,536.93
P03802,Product 3802,Electronics,195.22,278.88
P03803,Product 3803,Clothing,1109.63,1585.19
P03804,Product 3804,Furniture,812.39,1160.56
P03805,Product 3805,Clothing,707.55,1010.79
P03806,Product 3806,Grocery,1035.61,1479.44
P03807,Product 3807,Clothing,335.57,479.38
P03808,Product 3808,Furniture,88.36,126.23
P03809,Product 3809,Clothing,418.26,597.52
P03810,Product 3810,Grocery,87.87,125.53
P03811,Product 3811,Clothing,332.7,475.29
P03812,Product 3812,Grocery,1201.84,1716.91
P03813,Product 3813,Grocery,222.64,318.06
P03814,Product 3814,Grocery,653.95,934.22
P03815,Product 3815,Grocery,850.88,1215.55
P03816,Product 3816,Grocery,533.26,761.8
P03817,Product 3817,Electronics,707.7,1011
P03818,Product 3818,Clothing,881.15,1258.78
P03819,Product 3819,Electronics,366.25,523.21
P03820,Product 3820,Furniture,8.07,11.53
P03821,Product 3821,Clothing,696.74,995.34
P03822,Product 3822,Grocery,953.67,1362.39
P03823,Product 3823,Furniture,1328.14,1897.34
P03824,Product 3824,Electronics,1061.4,1516.28
P03825,Product 3825,Furniture,713.35,1019.07
P03826,Product 3826,Clothing,318.05,454.35
P03827,Product 3827,Clothing,119.14,170.2
P03828,Product 3828,Electronics,666.27,951.81
P03829,Product 3829,Clothing,1312.67,1875.24
P03830,Product 3830,Clothing,684.98,978.54
P03831,Product 3831,Furniture,898.21,1283.15
P03832,Product 3832,Grocery,985.23,1407.47
P03833,Product 3833,Grocery,250.23,357.47
P03834,Product 3834,Electronics,445.38,636.26
P03835,Product 3835,Furniture,1098.06,1568.66
P03836,Product 3836,Clothing,1320.96,1887.09
P03837,Product 3837,Furniture,1360.59,1943.7
P03838,Product 3838,Grocery,530.75,758.21
P03839,Product 3839,Grocery,877.84,1254.06
P03840,Product 3840,Clothing,144.09,205.85
P03841,Product 3841,Grocery,539.39,770.56
P03842,Product 3842,Furniture,546.6,780.85
P03843,Product 3843,Furniture,794.33,1134.76
P03844,Product 3844,Furniture,1143.01,1632.87
P03845,Product 3845,Furniture,833.35,1190.5
P03846,Product 3846,Furniture,1082.54,1546.48
P03847,Product 3847,Clothing,991.3,1416.14
P03848,Product 3848,Clothing,220.6,315.15
P03849,Product 3849,Clothing,181.49,259.27
P03850,Product 3850,Grocery,1287.27,1838.96
P03851,Product 3851,Electronics,316.85,452.65
P03852,Product 3852,Grocery,998.65,1426.64
P03853,Product 3853,Clothing,626.32,894.74
P03854,Product 3854,Electronics,625.11,893.01
P03855,Product 3855,Grocery,333.75,476.79
P03856,Product 3856,Grocery,1157.79,1653.98
P03857,Product 3857,Furniture,202.48,289.26
P03858,Product 3858,Electronics,610.45,872.07
P03859,Product 3859,Furniture,168.59,240.85
P03860,Product 3860,Furniture,1170.99,1672.84
P03861,Product 3861,Furniture,887.53,1267.9
P03862,Product 3862,Furniture,1173.58,1676.54
P03863,Product 3863,Furniture,1352.71,1932.45
P03864,Product 3864,Clothing,423.85,605.5
P03865,Product 3865,Clothing,331.65,473.79
P03866,Product 3866,Electronics,1237.24,1767.49
P03867,Product 3867,Electronics,1132.28,1617.55
P03868,Product 3868,Grocery,351.55,502.22
P03869,Product 3869,Furniture,950.56,1357.95
P03870,Product 3870,Grocery,376.46,537.8
P03871,Product 3871,Grocery,1327.47,1896.39
P03872,Product 3872,Furniture,984.42,1406.32
P03873,Product 3873,Grocery,185.27,264.67
P03874,Product 3874,Furniture,782.97,1118.53
P03875,Product 3875,Clothing,1224.03,1748.62
P03876,Product 3876,Grocery,1347.41,1924.87
P03877,Product 3877,Clothing,224.13,320.19
P03878,Product 3878,Furniture,781.33,1116.19
P03879,Product 3879,Clothing,723.21,1033.16
P03880,Product 3880,Furniture,628.04,897.2
P03881,Product 3881,Electronics,454.89,649.85
P03882,Product 3882,Grocery,1042.96,1489.95
P03883,Product 3883,Electronics,1161.19,1658.85
P03884,Product 3884,Electronics,867.32,1239.03
P03885,Product 3885,Furniture,922.77,1318.25
P03886,Product 3886,Electronics,469.85,671.22
P03887,Product 3887,Electronics,294.59,420.85
P03888,Product 3888,Furniture,171,244.28
P03889,Product 3889,Furniture,783.83,1119.76
P03890,Product 3890,Furniture,459.58,656.54
P03891,Product 3891,Clothing,125.87,179.81
P03892,Product 3892,Furniture,259.46,370.66
P03893,Product 3893,Clothing,293.48,419.26
P03894,Product 3894,Furniture,956.91,1367.02
P03895,Product 3895,Clothing,900.59,1286.56
P03896,Product 3896,Furniture,285.38,407.68
P03897,Product 3897,Furniture,213.25,304.65
P03898,Product 3898,Grocery,888.15,1268.79
P03899,Product 3899,Grocery,1005.7,1436.72
P03900,Product 3900,Furniture,652.78,932.54
P03901,Product 3901,Grocery,154.89,221.27
P03902,Product 3902,Furniture,859.16,1227.37
P03903,Product 3903,Clothing,988.21,1411.73
P03904,Product 3904,Clothing,978.54,1397.92
P03905,Product 3905,Clothing,1206.13,1723.05
P03906,Product 3906,Furniture,1330.2,1900.29
P03907,Product 3907,Clothing,978.68,1398.12
P03908,Product 3908,Electronics,981.62,1402.31
P03909,Product 3909,Grocery,303.34,433.34
P03910,Product 3910,Clothing,400.17,571.67
P03911,Product 3911,Grocery,617.1,881.57
P03912,Product 3912,Electronics,1309.77,1871.1
P03913,Product 3913,Furniture,833.49,1190.7
P03914,Product 3914,Grocery,482,688.57
P03915,Product 3915,Clothing,629,898.57
P03916,Product 3916,Clothing,77.01,110.02
P03917,Product 3917,Electronics,194.63,278.04
P03918,Product 3918,Clothing,878.07,1254.39
P03919,Product 3919,Furniture,1387.94,1982.77
P03920,Product 3920,Grocery,482.18,688.83
P03921,Product 3921,Grocery,1251.7,1788.15
P03922,Product 3922,Clothing,500.37,714.82
P03923,Product 3923,Electronics,1310.11,1871.58
P03924,Product 3924,Electronics,815.57,1165.1
P03925,Product 3925,Electronics,1213.41,1733.45
P03926,Product 3926,Grocery,475.06,678.66
P03927,Product 3927,Grocery,164.96,235.66
P03928,Product 3928,Clothing,26.93,38.47
P03929,Product 3929,Grocery,121.21,173.16
P03930,Product 3930,Electronics,814.69,1163.85
P03931,Product 3931,Grocery,1295.22,1850.32
P03932,Product 3932,Furniture,1157.91,1654.16
P03933,Product 3933,Clothing,500.75,715.35
P03934,Product 3934,Furniture,892.86,1275.51
P03935,Product 3935,Electronics,1209.49,1727.84
P03936,Product 3936,Grocery,326.17,465.96
P03937,Product 3937,Electronics,317.41,453.45
P03938,Product 3938,Clothing,261.51,373.58
P03939,Product 3939,Electronics,109.73,156.76
P03940,Product 3940,Clothing,284.08,405.83
P03941,Product 3941,Furniture,633.53,905.04
P03942,Product 3942,Grocery,144.47,206.39
P03943,Product 3943,Furniture,237.15,338.79
P03944,Product 3944,Grocery,847.86,1211.23
P03945,Product 3945,Grocery,980.27,1400.38
P03946,Product 3946,Furniture,641.75,916.79
P03947,Product 3947,Furniture,988.53,1412.19
P03948,Product 3948,Furniture,986.25,1408.93
P03949,Product 3949,Clothing,801.3,1144.71
P03950,Product 3950,Furniture,558.53,797.9
P03951,Product 3951,Grocery,686.77,981.1
P03952,Product 3952,Grocery,470.08,671.54
P03953,Product 3953,Clothing,1275.86,1822.66
P03954,Product 3954,Grocery,583.72,833.89
P03955,Product 3955,Furniture,122.67,175.25
P03956,Product 3956,Clothing,1217.56,1739.37
P03957,Product 3957,Electronics,990.97,1415.67
P03958,Product 3958,Grocery,109.34,156.2
P03959,Product 3959,Grocery,731.34,1044.77
P03960,Product 3960,Grocery,1359.5,1942.15
P03961,Product 3961,Grocery,410.07,585.82
P03962,Product 3962,Electronics,1141.69,1630.99
P03963,Product 3963,Grocery,817.17,1167.38
P03964,Product 3964,Grocery,844.38,1206.26
P03965,Product 3965,Grocery,19.65,28.07
P03966,Product 3966,Grocery,349.43,499.18
P03967,Product 3967,Electronics,54.56,77.94
P03968,Product 3968,Electronics,291.82,416.89
P03969,Product 3969,Furniture,262.91,375.59
P03970,Product 3970,Electronics,223.08,318.69
P03971,Product 3971,Electronics,497.89,711.27
P03972,Product 3972,Furniture,1059.93,1514.18
P03973,Product 3973,Grocery,927.74,1325.35
P03974,Product 3974,Grocery,698.92,998.46
P03975,Product 3975,Clothing,1082.65,1546.64
P03976,Product 3976,Furniture,749.18,1070.26
P03977,Product 3977,Grocery,980.43,1400.62
P03978,Product 3978,Grocery,325.28,464.68
P03979,Product 3979,Clothing,304.34,434.77
P03980,Product 3980,Furniture,903.49,1290.7
P03981,Product 3981,Grocery,1223.7,1748.15
P03982,Product 3982,Clothing,1394.18,1991.68
P03983,Product 3983,Furniture,338.8,484
P03984,Product 3984,Furniture,1275.44,1822.06
P03985,Product 3985,Electronics,1396.02,1994.31
P03986,Product 3986,Grocery,1155.17,1650.24
P03987,Product 3987,Grocery,1350.85,1929.78
P03988,Product 3988,Grocery,1072.69,1532.42
P03989,Product 3989,Furniture,673.08,961.55
P03990,Product 3990,Furniture,420.86,601.23
P03991,Product 3991,Electronics,887.42,1267.74
P03992,Product 3992,Electronics,1000.88,1429.83
P03993,Product 3993,Grocery,342.55,489.35
P03994,Product 3994,Furniture,283.21,404.59
P03995,Product 3995,Furniture,158,225.71
P03996,Product 3996,Electronics,-7,-10
P03997,Product 3997,Furniture,717.84,1025.48
P03998,Product 3998,Grocery,221.4,316.28
P03999,Product 3999,Furniture,145.09,207.27
P04000,Product 4000,Grocery,769.36,1099.09
P04001,Product 4001,Furniture,281.69,402.42
P04002,Product 4002,Clothing,166.76,238.23
P04003,Product 4003,Furniture,812.88,1161.25
P04004,Product 4004,Clothing,475.74,679.63
P04005,Product 4005,Electronics,1299.21,1856.02
P04006,Product 4006,Electronics,479.01,684.3
P04007,Product 4007,Grocery,847.29,1210.41
P04008,Product 4008,Clothing,574.06,820.08
P04009,Product 4009,Electronics,493.88,705.54
P04010,Product 4010,Clothing,614.15,877.36
P04011,Product 4011,Electronics,1085.4,1550.57
P04012,Product 4012,Grocery,966.47,1380.67
P04013,Product 4013,Grocery,433.38,619.12
P04014,Product 4014,Furniture,609.27,870.38
P04015,Product 4015,Electronics,887.68,1268.11
P04016,Product 4016,Clothing,1264.82,1806.89
P04017,Product 4017,Furniture,594.77,849.67
P04018,Product 4018,Furniture,1146.87,1638.38
P04019,Product 4019,Electronics,179.16,255.95
P04020,Product 4020,Furniture,275.46,393.51
P04021,Product 4021,Electronics,863.37,1233.38
P04022,Product 4022,Grocery,1168.99,1669.98
P04023,Product 4023,Clothing,94.14,134.49
P04024,Product 4024,Grocery,158.95,227.07
P04025,Product 4025,Grocery,485.53,693.62
P04026,Product 4026,Clothing,1306.03,1865.76
P04027,Product 4027,Electronics,1234.88,1764.11
P04028,Product 4028,Electronics,318.24,454.63
P04029,Product 4029,Furniture,797.24,1138.92
P04030,Product 4030,Furniture,1266.7,1809.57
P04031,Product 4031,Clothing,635.92,908.46
P04032,Product 4032,Clothing,969.86,1385.51
P04033,Product 4033,Grocery,136.65,195.22
P04034,Product 4034,Furniture,96.72,138.17
P04035,Product 4035,Clothing,106.17,151.67
P04036,Product 4036,Electronics,1235.63,1765.18
P04037,Product 4037,Electronics,564.89,806.99
P04038,Product 4038,Clothing,775.71,1108.15
P04039,Product 4039,Electronics,1152.87,1646.96
P04040,Product 4040,Grocery,351.7,502.43
P04041,Product 4041,Grocery,1175.68,1679.55
P04042,Product 4042,Clothing,1291.63,1845.19
P04043,Product 4043,Furniture,1345.43,1922.04
P04044,Product 4044,Electronics,1256.24,1794.63
P04045,Product 4045,Furniture,1317.48,1882.11
P04046,Product 4046,Electronics,63.71,91.01
P04047,Product 4047,Electronics,747.1,1067.28
P04048,Product 4048,Clothing,1399.38,1999.11
P04049,Product 4049,Grocery,877.97,1254.24
P04050,Product 4050,Furniture,772.94,1104.2
P04051,Product 4051,Electronics,390.62,558.03
P04052,Product 4052,Clothing,1160.67,1658.1
P04053,Product 4053,Furniture,377.36,539.08
P04054,Product 4054,Clothing,52.07,74.38
P04055,Product 4055,Furniture,593.7,848.15
P04056,Product 4056,Electronics,371.92,531.31
P04057,Product 4057,Clothing,223.75,319.64
P04058,Product 4058,Clothing,1183.05,1690.07
P04059,Product 4059,Grocery,701.15,1001.64
P04060,Product 4060,Furniture,779.9,1114.15
P04061,Product 4061,Clothing,1121.98,1602.83
P04062,Product 4062,Clothing,800.13,1143.04
P04063,Product 4063,Clothing,1304.3,1863.28
P04064,Product 4064,Grocery,690.56,986.51
P04065,Product 4065,Clothing,1365.73,1951.05
P04066,Product 4066,Grocery,334.65,478.07
P04067,Product 4067,Electronics,888,1268.57
P04068,Product 4068,Grocery,336.7,481
P04069,Product 4069,Clothing,1361.33,1944.76
P04070,Product 4070,Grocery,1292.42,1846.32
P04071,Product 4071,Clothing,327.75,468.21
P04072,Product 4072,Grocery,511.69,730.98
P04073,Product 4073,Clothing,1277.32,1824.74
P04074,Product 4074,Furniture,1270.29,1814.7
P04075,Product 4075,Clothing,944.46,1349.23
P04076,Product 4076,Electronics,616.2,880.28
P04077,Product 4077,Electronics,687.24,981.77
P04078,Product 4078,Furniture,807.99,1154.27
P04079,Product 4079,Furniture,826.83,1181.19
P04080,Product 4080,Furniture,342.96,489.95
P04081,Product 4081,Grocery,573.91,819.87
P04082,Product 4082,Clothing,1308.62,1869.45
P04083,Product 4083,Electronics,458.55,655.07
P04084,Product 4084,Electronics,1018.03,1454.33
P04085,Product 4085,Clothing,553.47,790.67
P04086,Product 4086,Grocery,229.27,327.53
P04087,Product 4087,Grocery,393.25,561.79
P04088,Product 4088,Furniture,840.67,1200.96
P04089,Product 4089,Electronics,580.75,829.65
P04090,Product 4090,Grocery,295.41,422.02
P04091,Product 4091,Electronics,795.94,1137.06
P04092,Product 4092,Furniture,1153,1647.15
P04093,Product 4093,Furniture,340.05,485.78
P04094,Product 4094,Clothing,1280.07,1828.67
P04095,Product 4095,Furniture,748.85,1069.79
P04096,Product 4096,Furniture,873.54,1247.91
P04097,Product 4097,Clothing,849.12,1213.03
P04098,Product 4098,Clothing,538.59,769.42
P04099,Product 4099,Grocery,557.36,796.23
P04100,Product 4100,Grocery,389.66,556.66
P04101,Product 4101,Grocery,1051.18,1501.69
P04102,Product 4102,Grocery,432.52,617.89
P04103,Product 4103,Clothing,774.21,1106.02
P04104,Product 4104,Electronics,838.07,1197.25
P04105,Product 4105,Clothing,848.48,1212.12
P04106,Product 4106,Electronics,928.68,1326.69
P04107,Product 4107,Grocery,209.68,299.54
P04108,Product 4108,Furniture,80.63,115.18
P04109,Product 4109,Grocery,241.74,345.34
P04110,Product 4110,Furniture,104.47,149.24
P04111,Product 4111,Clothing,235.8,336.86
P04112,Product 4112,Grocery,412.74,589.63
P04113,Product 4113,Clothing,986.62,1409.45
P04114,Product 4114,Furniture,119.01,170.01
P04115,Product 4115,Grocery,1297.37,1853.38
P04116,Product 4116,Furniture,1322.17,1888.82
P04117,Product 4117,Furniture,613.84,876.91
P04118,Product 4118,Grocery,319.71,456.73
P04119,Product 4119,Furniture,484.81,692.59
P04120,Product 4120,Furniture,851.91,1217.02
P04121,Product 4121,Grocery,838.74,1198.2
P04122,Product 4122,Clothing,255.6,365.14
P04123,Product 4123,Furniture,305.78,436.83
P04124,Product 4124,Furniture,688.11,983.02
P04125,Product 4125,Furniture,109.23,156.04
P04126,Product 4126,Electronics,922.54,1317.91
P04127,Product 4127,Electronics,207.84,296.91
P04128,Product 4128,Clothing,170.32,243.31
P04129,Product 4129,Grocery,909.33,1299.05
P04130,Product 4130,Grocery,823.05,1175.78
P04131,Product 4131,Furniture,1178.32,1683.32
P04132,Product 4132,Clothing,1075.5,1536.43
P04133,Product 4133,Electronics,561.75,802.5
P04134,Product 4134,Grocery,312.93,447.04
P04135,Product 4135,Clothing,749.33,1070.47
P04136,Product 4136,Clothing,878.34,1254.77
P04137,Product 4137,Grocery,924.24,1320.35
P04138,Product 4138,Electronics,31.56,45.08
P04139,Product 4139,Clothing,963.21,1376.01
P04140,Product 4140,Furniture,1221.97,1745.67
P04141,Product 4141,Electronics,196.73,281.04
P04142,Product 4142,Electronics,1386.47,1980.67
P04143,Product 4143,Electronics,1079.25,1541.79
P04144,Product 4144,Electronics,351.27,501.81
P04145,Product 4145,Clothing,297.11,424.44
P04146,Product 4146,Clothing,1263.77,1805.39
P04147,Product 4147,Grocery,808.84,1155.48
P04148,Product 4148,Grocery,905.75,1293.93
P04149,Product 4149,Electronics,878.03,1254.33
P04150,Product 4150,Furniture,1267.73,1811.05
P04151,Product 4151,Furniture,724.37,1034.81
P04152,Product 4152,Furniture,188.57,269.38
P04153,Product 4153,Clothing,1143.95,1634.21
P04154,Product 4154,Furniture,321.71,459.58
P04155,Product 4155,Furniture,652.89,932.7
P04156,Product 4156,Furniture,1280.73,1829.61
P04157,Product 4157,Clothing,1183.48,1690.68
P04158,Product 4158,Clothing,407.21,581.73
P04159,Product 4159,Electronics,466.19,665.99
P04160,Product 4160,Electronics,145.96,208.52
P04161,Product 4161,Furniture,758.9,1084.15
P04162,Product 4162,Clothing,1203.26,1718.94
P04163,Product 4163,Clothing,608.78,869.69
P04164,Product 4164,Electronics,288.23,411.76
P04165,Product 4165,Grocery,600.19,857.42
P04166,Product 4166,Grocery,1104.5,1577.86
P04167,Product 4167,Grocery,1320.4,1886.29
P04168,Product 4168,Grocery,1077.81,1539.73
P04169,Product 4169,Furniture,627.13,895.9
P04170,Product 4170,Clothing,1009.26,1441.8
P04171,Product 4171,Clothing,827.83,1182.62
P04172,Product 4172,Grocery,24.61,35.16
P04173,Product 4173,Electronics,1358.59,1940.84
P04174,Product 4174,Clothing,316.63,452.33
P04175,Product 4175,Grocery,346.18,494.54
P04176,Product 4176,Grocery,171.25,244.64
P04177,Product 4177,Electronics,950.05,1357.22
P04178,Product 4178,Electronics,1101.34,1573.34
P04179,Product 4179,Clothing,1289.74,1842.49
P04180,Product 4180,Furniture,526.74,752.49
P04181,Product 4181,Furniture,160.01,228.59
P04182,Product 4182,Grocery,631.71,902.44
P04183,Product 4183,Clothing,412.22,588.89
P04184,Product 4184,Grocery,1138.12,1625.89
P04185,Product 4185,Clothing,482.21,688.87
P04186,Product 4186,Furniture,789.54,1127.92
P04187,Product 4187,Clothing,304.09,434.42
P04188,Product 4188,Furniture,995.21,1421.73
P04189,Product 4189,Furniture,356.22,508.89
P04190,Product 4190,Electronics,462.71,661.01
P04191,Product 4191,Grocery,165.21,236.01
P04192,Product 4192,Electronics,469.11,670.16
P04193,Product 4193,Furniture,424.74,606.77
P04194,Product 4194,Furniture,1305.46,1864.95
P04195,Product 4195,Electronics,467.55,667.93
P04196,Product 4196,Clothing,670.14,957.35
P04197,Product 4197,Electronics,489.45,699.22
P04198,Product 4198,Electronics,1105.26,1578.94
P04199,Product 4199,Grocery,1108.76,1583.95
P04200,Product 4200,Furniture,418.65,598.07
P04201,Product 4201,Clothing,667.04,952.91
P04202,Product 4202,Grocery,1322.26,1888.95
P04203,Product 4203,Grocery,541.34,773.34
P04204,Product 4204,Furniture,726.52,1037.88
P04205,Product 4205,Clothing,241.14,344.49
P04206,Product 4206,Furniture,682.25,974.65
P04207,Product 4207,Clothing,1309.64,1870.92
P04208,Product 4208,Clothing,298.18,425.97
P04209,Product 4209,Furniture,294.03,420.04
P04210,Product 4210,Furniture,371.59,530.84
P04211,Product 4211,Clothing,856.49,1223.56
P04212,Product 4212,Clothing,542.82,775.46
P04213,Product 4213,Electronics,344.09,491.56
P04214,Product 4214,Furniture,342.29,488.99
P04215,Product 4215,Clothing,594.5,849.29
P04216,Product 4216,Clothing,1202.03,1717.18
P04217,Product 4217,Electronics,689.07,984.38
P04218,Product 4218,Clothing,1358.74,1941.06
P04219,Product 4219,Grocery,1363.97,1948.53
P04220,Product 4220,Clothing,639.98,914.26
P04221,Product 4221,Clothing,521.64,745.2
P04222,Product 4222,Clothing,986.94,1409.91
P04223,Product 4223,Grocery,169.33,241.9
P04224,Product 4224,Grocery,34.45,49.21
P04225,Product 4225,Furniture,55.8,79.71
P04226,Product 4226,Grocery,480.76,686.8
P04227,Product 4227,Clothing,307.61,439.44
P04228,Product 4228,Electronics,1315.85,1879.78
P04229,Product 4229,Clothing,145.65,208.07
P04230,Product 4230,Furniture,422.02,602.88
P04231,Product 4231,Electronics,1380.6,1972.28
P04232,Product 4232,Clothing,53.7,76.72
P04233,Product 4233,Clothing,1398.85,1998.36
P04234,Product 4234,Clothing,41.59,59.41
P04235,Product 4235,Clothing,1055.26,1507.51
P04236,Product 4236,Electronics,787.49,1124.99
P04237,Product 4237,Grocery,730.63,1043.76
P04238,Product 4238,Furniture,438.91,627.01
P04239,Product 4239,Grocery,673.27,961.82
P04240,Product 4240,Grocery,483.67,690.95
P04241,Product 4241,Grocery,93.29,133.27
P04242,Product 4242,Grocery,232.83,332.61
P04243,Product 4243,Electronics,1294.25,1848.93
P04244,Product 4244,Clothing,635.39,907.7
P04245,Product 4245,Electronics,907.97,1297.1
P04246,Product 4246,Grocery,526.82,752.6
P04247,Product 4247,Electronics,302.87,432.67
P04248,Product 4248,Furniture,743.25,1061.79
P04249,Product 4249,Clothing,964.19,1377.41
P04250,Product 4250,Electronics,956.29,1366.13
P04251,Product 4251,Clothing,972.5,1389.28
P04252,Product 4252,Clothing,377.4,539.15
P04253,Product 4253,Grocery,595.83,851.19
P04254,Product 4254,Grocery,540.83,772.62
P04255,Product 4255,Furniture,99.48,142.12
P04256,Product 4256,Clothing,484.57,692.24
P04257,Product 4257,Electronics,41.64,59.48
P04258,Product 4258,Clothing,1212.66,1732.37
P04259,Product 4259,Grocery,1315.57,1879.38
P04260,Product 4260,Electronics,854.74,1221.06
P04261,Product 4261,Grocery,1089.28,1556.11
P04262,Product 4262,Furniture,631.11,901.59
P04263,Product 4263,Clothing,660.96,944.23
P04264,Product 4264,Clothing,404.29,577.56
P04265,Product 4265,Clothing,633.18,904.54
P04266,Product 4266,Clothing,1025.34,1464.77
P04267,Product 4267,Electronics,101.24,144.63
P04268,Product 4268,Electronics,452.07,645.82
P04269,Product 4269,Electronics,347.68,496.68
P04270,Product 4270,Furniture,424.9,607
P04271,Product 4271,Electronics,630.91,901.3
P04272,Product 4272,Electronics,995.4,1422
P04273,Product 4273,Grocery,1250.56,1786.52
P04274,Product 4274,Clothing,176.52,252.17
P04275,Product 4275,Electronics,974.38,1391.97
P04276,Product 4276,Electronics,602.38,860.55
P04277,Product 4277,Electronics,712.23,1017.47
P04278,Product 4278,Clothing,913.71,1305.3
P04279,Product 4279,Furniture,1274.76,1821.09
P04280,Product 4280,Grocery,66.57,95.1
P04281,Product 4281,Grocery,915.17,1307.38
P04282,Product 4282,Electronics,329.05,470.07
P04283,Product 4283,Grocery,939.64,1342.35
P04284,Product 4284,Grocery,494.52,706.46
P04285,Product 4285,Clothing,1249.67,1785.24
P04286,Product 4286,Grocery,253.43,362.04
P04287,Product 4287,Furniture,235.92,337.03
P04288,Product 4288,Furniture,490.71,701.02
P04289,Product 4289,Clothing,876.11,1251.58
P04290,Product 4290,Furniture,204.24,291.77
P04291,Product 4291,Furniture,135.62,193.75
P04292,Product 4292,Grocery,625.46,893.51
P04293,Product 4293,Furniture,733.29,1047.56
P04294,Product 4294,Electronics,145.59,207.99
P04295,Product 4295,Electronics,1193.11,1704.44
P04296,Product 4296,Grocery,629.99,899.98
P04297,Product 4297,Electronics,791.73,1131.05
P04298,Product 4298,Clothing,162.18,231.68
P04299,Product 4299,Furniture,1196.39,1709.13
P04300,Product 4300,Furniture,447.62,639.46
P04301,Product 4301,Furniture,899.58,1285.12
P04302,Product 4302,Clothing,574.01,820.02
P04303,Product 4303,Clothing,820.09,1171.56
P04304,Product 4304,Grocery,289.61,413.73
P04305,Product 4305,Electronics,1136.39,1623.41
P04306,Product 4306,Clothing,975.36,1393.37
P04307,Product 4307,Furniture,923.15,1318.78
P04308,Product 4308,Furniture,1230.56,1757.94
P04309,Product 4309,Clothing,1257.77,1796.81
P04310,Product 4310,Grocery,770.87,1101.24
P04311,Product 4311,Clothing,31.37,44.82
P04312,Product 4312,Grocery,221.2,316
P04313,Product 4313,Furniture,1226.99,1752.84
P04314,Product 4314,Grocery,418.79,598.27
P04315,Product 4315,Clothing,651.1,930.15
P04316,Product 4316,Electronics,1193.53,1705.04
P04317,Product 4317,Clothing,369.48,527.83
P04318,Product 4318,Clothing,488.86,698.37
P04319,Product 4319,Clothing,278.31,397.59
P04320,Product 4320,Furniture,382.07,545.82
P04321,Product 4321,Furniture,1284.42,1834.89
P04322,Product 4322,Electronics,855.73,1222.47
P04323,Product 4323,Furniture,322.23,460.33
P04324,Product 4324,Furniture,1206.53,1723.62
P04325,Product 4325,Grocery,931.8,1331.14
P04326,Product 4326,Grocery,145.4,207.72
P04327,Product 4327,Furniture,1150.16,1643.08
P04328,Product 4328,Electronics,215.21,307.44
P04329,Product 4329,Furniture,893.14,1275.92
P04330,Product 4330,Grocery,404.4,577.72
P04331,Product 4331,Furniture,1315.24,1878.91
P04332,Product 4332,Electronics,934.59,1335.13
P04333,Product 4333,Grocery,627.89,896.98
P04334,Product 4334,Electronics,1274.2,1820.28
P04335,Product 4335,Clothing,284.95,407.07
P04336,Product 4336,Electronics,315.95,451.36
P04337,Product 4337,Clothing,1188.05,1697.21
P04338,Product 4338,Clothing,655.79,936.84
P04339,Product 4339,Electronics,586.6,838
P04340,Product 4340,Grocery,757.99,1082.84
P04341,Product 4341,Clothing,906.36,1294.8
P04342,Product 4342,Electronics,135.54,193.63
P04343,Product 4343,Clothing,786.31,1123.3
P04344,Product 4344,Clothing,795.44,1136.34
P04345,Product 4345,Electronics,719.84,1028.35
P04346,Product 4346,Clothing,1239.69,1770.98
P04347,Product 4347,Grocery,970.46,1386.37
P04348,Product 4348,Electronics,1380.01,1971.45
P04349,Product 4349,Grocery,1384.82,1978.32
P04350,Product 4350,Grocery,1136.39,1623.41
P04351,Product 4351,Clothing,510.43,729.19
P04352,Product 4352,Furniture,968.65,1383.79
P04353,Product 4353,Furniture,1295.99,1851.42
P04354,Product 4354,Electronics,9.12,13.03
P04355,Product 4355,Clothing,354.14,505.92
P04356,Product 4356,Furniture,355.92,508.46
P04357,Product 4357,Furniture,1130.82,1615.46
P04358,Product 4358,Furniture,82.26,117.51
P04359,Product 4359,Electronics,368.12,525.88
P04360,Product 4360,Electronics,907.31,1296.16
P04361,Product 4361,Clothing,556.2,794.57
P04362,Product 4362,Clothing,1180.83,1686.9
P04363,Product 4363,Furniture,350.12,500.17
P04364,Product 4364,Grocery,603.84,862.63
P04365,Product 4365,Clothing,46,65.72
P04366,Product 4366,Clothing,569.72,813.88
P04367,Product 4367,Electronics,1313.9,1877
P04368,Product 4368,Electronics,1298.16,1854.52
P04369,Product 4369,Clothing,764.15,1091.64
P04370,Product 4370,Grocery,997.24,1424.63
P04371,Product 4371,Electronics,1392.74,1989.63
P04372,Product 4372,Clothing,169.13,241.61
P04373,Product 4373,Furniture,78.06,111.51
P04374,Product 4374,Electronics,373.69,533.84
P04375,Product 4375,Clothing,812.34,1160.48
P04376,Product 4376,Grocery,830.71,1186.73
P04377,Product 4377,Furniture,1387.85,1982.64
P04378,Product 4378,Furniture,659.56,942.23
P04379,Product 4379,Clothing,1108.63,1583.76
P04380,Product 4380,Furniture,1031.5,1473.57
P04381,Product 4381,Electronics,1207.63,1725.19
P04382,Product 4382,Grocery,1236.63,1766.61
P04383,Product 4383,Clothing,377.68,539.55
P04384,Product 4384,Clothing,612.91,875.58
P04385,Product 4385,Electronics,239.91,342.73
P04386,Product 4386,Clothing,852.62,1218.03
P04387,Product 4387,Electronics,1361.65,1945.22
P04388,Product 4388,Electronics,394.83,564.05
P04389,Product 4389,Electronics,634,905.71
P04390,Product 4390,Clothing,781.89,1116.98
P04391,Product 4391,Grocery,684.8,978.29
P04392,Product 4392,Furniture,1228.45,1754.93
P04393,Product 4393,Grocery,1234.94,1764.2
P04394,Product 4394,Grocery,279.5,399.28
P04395,Product 4395,Furniture,540.92,772.74
P04396,Product 4396,Grocery,71.55,102.21
P04397,Product 4397,Electronics,1383.57,1976.53
P04398,Product 4398,Clothing,847.17,1210.24
P04399,Product 4399,Grocery,830.13,1185.9
P04400,Product 4400,Clothing,404.04,577.2
P04401,Product 4401,Furniture,690.7,986.71
P04402,Product 4402,Grocery,787.51,1125.02
P04403,Product 4403,Grocery,388.84,555.49
P04404,Product 4404,Grocery,270.88,386.97
P04405,Product 4405,Clothing,604.52,863.6
P04406,Product 4406,Clothing,709.41,1013.45
P04407,Product 4407,Electronics,622.05,888.64
P04408,Product 4408,Furniture,1019.27,1456.1
P04409,Product 4409,Electronics,1290.46,1843.52
P04410,Product 4410,Electronics,1337.34,1910.49
P04411,Product 4411,Grocery,1364.3,1949
P04412,Product 4412,Clothing,1031.56,1473.65
P04413,Product 4413,Grocery,1242.58,1775.11
P04414,Product 4414,Electronics,669.94,957.06
P04415,Product 4415,Clothing,549.03,784.33
P04416,Product 4416,Grocery,433.5,619.28
P04417,Product 4417,Electronics,833.84,1191.2
P04418,Product 4418,Grocery,63,90
P04419,Product 4419,Grocery,1269.03,1812.9
P04420,Product 4420,Clothing,207.77,296.82
P04421,Product 4421,Furniture,50.26,71.8
P04422,Product 4422,Electronics,512.11,731.58
P04423,Product 4423,Grocery,153.93,219.9
P04424,Product 4424,Grocery,464.81,664.02
P04425,Product 4425,Grocery,1150.51,1643.58
P04426,Product 4426,Furniture,586.96,838.52
P04427,Product 4427,Grocery,717.94,1025.63
P04428,Product 4428,Clothing,778.91,1112.73
P04429,Product 4429,Electronics,865.52,1236.46
P04430,Product 4430,Grocery,345.95,494.21
P04431,Product 4431,Clothing,1019.98,1457.12
P04432,Product 4432,Clothing,565.08,807.26
P04433,Product 4433,Grocery,214.76,306.8
P04434,Product 4434,Grocery,161.28,230.4
P04435,Product 4435,Grocery,437.29,624.7
P04436,Product 4436,Furniture,501.98,717.11
P04437,Product 4437,Electronics,206.92,295.6
P04438,Product 4438,Furniture,415.49,593.56
P04439,Product 4439,Clothing,60.9,87
P04440,Product 4440,Grocery,820.76,1172.52
P04441,Product 4441,Electronics,1174.99,1678.56
P04442,Product 4442,Electronics,773.14,1104.48
P04443,Product 4443,Clothing,813.04,1161.48
P04444,Product 4444,Grocery,902.23,1288.9
P04445,Product 4445,Grocery,635.59,907.98
P04446,Product 4446,Furniture,924.46,1320.66
P04447,Product 4447,Grocery,832,1188.57
P04448,Product 4448,Clothing,252.96,361.37
P04449,Product 4449,Clothing,7.43,10.61
P04450,Product 4450,Grocery,123.44,176.34
P04451,Product 4451,Grocery,1002.88,1432.69
P04452,Product 4452,Clothing,45.88,65.54
P04453,Product 4453,Furniture,914.51,1306.44
P04454,Product 4454,Furniture,998.55,1426.5
P04455,Product 4455,Electronics,391.03,558.62
P04456,Product 4456,Electronics,921.22,1316.03
P04457,Product 4457,Clothing,693.84,991.2
P04458,Product 4458,Furniture,484.78,692.54
P04459,Product 4459,Grocery,110.75,158.21
P04460,Product 4460,Furniture,535.53,765.05
P04461,Product 4461,Electronics,7.08,10.11
P04462,Product 4462,Clothing,1230.03,1757.18
P04463,Product 4463,Clothing,1206.02,1722.89
P04464,Product 4464,Grocery,262.8,375.43
P04465,Product 4465,Electronics,939.13,1341.62
P04466,Product 4466,Furniture,754.63,1078.04
P04467,Product 4467,Electronics,563.02,804.32
P04468,Product 4468,Electronics,599.75,856.79
P04469,Product 4469,Clothing,1370.7,1958.15
P04470,Product 4470,Electronics,1158.95,1655.65
P04471,Product 4471,Grocery,1047.71,1496.73
P04472,Product 4472,Electronics,727.4,1039.15
P04473,Product 4473,Electronics,322.69,460.98
P04474,Product 4474,Clothing,692.79,989.7
P04475,Product 4475,Clothing,834.78,1192.54
P04476,Product 4476,Clothing,771.73,1102.47
P04477,Product 4477,Clothing,1316.56,1880.8
P04478,Product 4478,Clothing,1174.18,1677.4
P04479,Product 4479,Grocery,970.26,1386.09
P04480,Product 4480,Furniture,851.86,1216.94
P04481,Product 4481,Electronics,150.24,214.63
P04482,Product 4482,Grocery,1070.83,1529.75
P04483,Product 4483,Furniture,405.16,578.8
P04484,Product 4484,Furniture,325.26,464.66
P04485,Product 4485,Electronics,1012.98,1447.11
P04486,Product 4486,Furniture,400.41,572.01
P04487,Product 4487,Furniture,202.01,288.59
P04488,Product 4488,Furniture,918.62,1312.31
P04489,Product 4489,Furniture,662.02,945.75
P04490,Product 4490,Grocery,255.78,365.4
P04491,Product 4491,Clothing,529.87,756.95
P04492,Product 4492,Furniture,1202.54,1717.91
P04493,Product 4493,Grocery,283.51,405.01
P04494,Product 4494,Electronics,861.66,1230.95
P04495,Product 4495,Electronics,116.67,166.67
P04496,Product 4496,Furniture,568.26,811.8
P04497,Product 4497,Grocery,765.44,1093.48
P04498,Product 4498,Clothing,695.97,994.24
P04499,Product 4499,Grocery,491.82,702.6
P04500,Product 4500,Furniture,394.46,563.51
P04501,Product 4501,Clothing,335.57,479.38
P04502,Product 4502,Clothing,749.27,1070.38
P04503,Product 4503,Furniture,938.8,1341.15
P04504,Product 4504,Furniture,959.71,1371.01
P04505,Product 4505,Grocery,277.88,396.97
P04506,Product 4506,Electronics,766.63,1095.19
P04507,Product 4507,Furniture,1138.37,1626.24
P04508,Product 4508,Electronics,62.94,89.92
P04509,Product 4509,Grocery,840.43,1200.61
P04510,Product 4510,Clothing,845.44,1207.77
P04511,Product 4511,Grocery,1042.33,1489.05
P04512,Product 4512,Electronics,191.84,274.06
P04513,Product 4513,Furniture,383.42,547.75
P04514,Product 4514,Furniture,1041.39,1487.7
P04515,Product 4515,Grocery,967.84,1382.63
P04516,Product 4516,Clothing,845.39,1207.7
P04517,Product 4517,Grocery,282.72,403.89
P04518,Product 4518,Clothing,1318.98,1884.26
P04519,Product 4519,Electronics,875.11,1250.15
P04520,Product 4520,Electronics,505.17,721.67
P04521,Product 4521,Grocery,1295.47,1850.67
P04522,Product 4522,Grocery,367.39,524.85
P04523,Product 4523,Electronics,62.11,88.73
P04524,Product 4524,Electronics,20.01,28.59
P04525,Product 4525,Electronics,519.08,741.55
P04526,Product 4526,Furniture,777.5,1110.72
P04527,Product 4527,Furniture,823.47,1176.38
P04528,Product 4528,Grocery,1167.03,1667.18
P04529,Product 4529,Furniture,337.42,482.03
P04530,Product 4530,Clothing,566.94,809.92
P04531,Product 4531,Grocery,54.3,77.57
P04532,Product 4532,Clothing,1077.58,1539.4
P04533,Product 4533,Clothing,380.42,543.46
P04534,Product 4534,Clothing,955.46,1364.94
P04535,Product 4535,Furniture,1051.52,1502.17
P04536,Product 4536,Grocery,870.93,1244.18
P04537,Product 4537,Electronics,513.68,733.83
P04538,Product 4538,Electronics,886.8,1266.86
P04539,Product 4539,Clothing,956.63,1366.62
P04540,Product 4540,Clothing,768.09,1097.27
P04541,Product 4541,Grocery,642.48,917.83
P04542,Product 4542,Electronics,23.9,34.14
P04543,Product 4543,Electronics,617.69,882.42
P04544,Product 4544,Grocery,410.44,586.35
P04545,Product 4545,Electronics,969.64,1385.2
P04546,Product 4546,Electronics,492.3,703.28
P04547,Product 4547,Grocery,123.51,176.44
P04548,Product 4548,Furniture,1306.84,1866.91
P04549,Product 4549,Clothing,552.89,789.84
P04550,Product 4550,Furniture,530.62,758.03
P04551,Product 4551,Grocery,289.82,414.03
P04552,Product 4552,Furniture,1396.01,1994.3
P04553,Product 4553,Clothing,91.81,131.16
P04554,Product 4554,Furniture,681.61,973.73
P04555,Product 4555,Electronics,406.53,580.76
P04556,Product 4556,Grocery,197.67,282.39
P04557,Product 4557,Electronics,1171.23,1673.19
P04558,Product 4558,Furniture,962.89,1375.56
P04559,Product 4559,Grocery,1270.13,1814.47
P04560,Product 4560,Grocery,1203.45,1719.22
P04561,Product 4561,Clothing,973.04,1390.06
P04562,Product 4562,Electronics,1247.04,1781.48
P04563,Product 4563,Furniture,1087.98,1554.26
P04564,Product 4564,Electronics,430.31,614.73
P04565,Product 4565,Electronics,200.7,286.71
P04566,Product 4566,Clothing,450.28,643.26
P04567,Product 4567,Grocery,583.71,833.87
P04568,Product 4568,Grocery,1172.23,1674.62
P04569,Product 4569,Furniture,858.67,1226.67
P04570,Product 4570,Clothing,380.55,543.64
P04571,Product 4571,Grocery,745.37,1064.82
P04572,Product 4572,Electronics,1397.68,1996.68
P04573,Product 4573,Grocery,633.51,905.01
P04574,Product 4574,Furniture,1055.47,1507.82
P04575,Product 4575,Electronics,357.13,510.18
P04576,Product 4576,Clothing,242.09,345.84
P04577,Product 4577,Furniture,1127.65,1610.93
P04578,Product 4578,Grocery,141.16,201.66
P04579,Product 4579,Electronics,1059.3,1513.28
P04580,Product 4580,Grocery,453.1,647.29
P04581,Product 4581,Electronics,462.44,660.63
P04582,Product 4582,Clothing,461.85,659.78
P04583,Product 4583,Clothing,199.06,284.37
P04584,Product 4584,Clothing,1229.28,1756.11
P04585,Product 4585,Grocery,486.97,695.67
P04586,Product 4586,Furniture,794.16,1134.51
P04587,Product 4587,Grocery,696.81,995.45
P04588,Product 4588,Clothing,443.17,633.1
P04589,Product 4589,Electronics,1229.3,1756.14
P04590,Product 4590,Furniture,461.05,658.64
P04591,Product 4591,Grocery,449.06,641.52
P04592,Product 4592,Grocery,1262.3,1803.29
P04593,Product 4593,Furniture,98.69,140.98
P04594,Product 4594,Clothing,841.46,1202.09
P04595,Product 4595,Grocery,1185.41,1693.44
P04596,Product 4596,Electronics,837.35,1196.21
P04597,Product 4597,Clothing,1012.16,1445.94
P04598,Product 4598,Electronics,152.98,218.54
P04599,Product 4599,Furniture,1365.82,1951.17
P04600,Product 4600,Electronics,352.76,503.95
P04601,Product 4601,Clothing,964.38,1377.68
P04602,Product 4602,Electronics,1080.87,1544.1
P04603,Product 4603,Furniture,357.39,510.56
P04604,Product 4604,Clothing,716.57,1023.67
P04605,Product 4605,Furniture,362.17,517.39
P04606,Product 4606,Electronics,1150.04,1642.91
P04607,Product 4607,Grocery,1008.48,1440.68
P04608,Product 4608,Electronics,973.5,1390.72
P04609,Product 4609,Grocery,1368.3,1954.71
P04610,Product 4610,Grocery,434.08,620.11
P04611,Product 4611,Electronics,654.44,934.91
P04612,Product 4612,Furniture,630.1,900.14
P04613,Product 4613,Furniture,1186.51,1695.01
P04614,Product 4614,Grocery,1280.58,1829.4
P04615,Product 4615,Grocery,132.96,189.94
P04616,Product 4616,Furniture,914.96,1307.08
P04617,Product 4617,Grocery,826.92,1181.32
P04618,Product 4618,Furniture,472.32,674.75
P04619,Product 4619,Clothing,499.03,712.9
P04620,Product 4620,Clothing,1276.6,1823.72
P04621,Product 4621,Electronics,121.25,173.22
P04622,Product 4622,Clothing,1128.34,1611.92
P04623,Product 4623,Electronics,414.95,592.78
P04624,Product 4624,Electronics,537.35,767.64
P04625,Product 4625,Clothing,76.19,108.85
P04626,Product 4626,Furniture,776.71,1109.58
P04627,Product 4627,Electronics,1210.19,1728.85
P04628,Product 4628,Furniture,259.37,370.53
P04629,Product 4629,Electronics,80.42,114.88
P04630,Product 4630,Electronics,1052.48,1503.55
P04631,Product 4631,Furniture,811.62,1159.45
P04632,Product 4632,Grocery,1310.55,1872.21
P04633,Product 4633,Electronics,44.45,63.5
P04634,Product 4634,Electronics,411.28,587.55
P04635,Product 4635,Furniture,1149.69,1642.41
P04636,Product 4636,Electronics,1196.49,1709.27
P04637,Product 4637,Clothing,745.88,1065.55
P04638,Product 4638,Furniture,1014.5,1449.29
P04639,Product 4639,Furniture,1023.41,1462.02
P04640,Product 4640,Grocery,401.93,574.18
P04641,Product 4641,Grocery,705.35,1007.65
P04642,Product 4642,Furniture,1006.63,1438.05
P04643,Product 4643,Furniture,490.5,700.72
P04644,Product 4644,Furniture,991.8,1416.86
P04645,Product 4645,Clothing,1030.39,1471.98
P04646,Product 4646,Electronics,368.67,526.67
P04647,Product 4647,Clothing,1329.06,1898.65
P04648,Product 4648,Clothing,492.15,703.07
P04649,Product 4649,Electronics,443.23,633.18
P04650,Product 4650,Grocery,174.24,248.91
P04651,Product 4651,Furniture,579.91,828.45
P04652,Product 4652,Furniture,453.05,647.22
P04653,Product 4653,Furniture,761.06,1087.23
P04654,Product 4654,Clothing,1115.55,1593.64
P04655,Product 4655,Electronics,801,1144.28
P04656,Product 4656,Electronics,740.26,1057.51
P04657,Product 4657,Grocery,857.93,1225.62
P04658,Product 4658,Grocery,705.6,1008
P04659,Product 4659,Furniture,1266.29,1808.98
P04660,Product 4660,Electronics,111.51,159.3
P04661,Product 4661,Furniture,575.25,821.79
P04662,Product 4662,Grocery,37.09,52.99
P04663,Product 4663,Grocery,44.88,64.11
P04664,Product 4664,Electronics,1212.52,1732.17
P04665,Product 4665,Furniture,456.6,652.29
P04666,Product 4666,Furniture,7.1,10.15
P04667,Product 4667,Electronics,1189.47,1699.24
P04668,Product 4668,Clothing,922.1,1317.29
P04669,Product 4669,Furniture,857.23,1224.62
P04670,Product 4670,Electronics,666.37,951.96
P04671,Product 4671,Grocery,940.26,1343.23
P04672,Product 4672,Clothing,964.42,1377.74
P04673,Product 4673,Furniture,232.2,331.71
P04674,Product 4674,Electronics,802.38,1146.25
P04675,Product 4675,Grocery,247.73,353.9
P04676,Product 4676,Grocery,425.85,608.36
P04677,Product 4677,Electronics,921.19,1315.98
P04678,Product 4678,Electronics,661.81,945.44
P04679,Product 4679,Grocery,369.63,528.05
P04680,Product 4680,Electronics,158.25,226.07
P04681,Product 4681,Electronics,25.55,36.5
P04682,Product 4682,Electronics,1367.19,1953.13
P04683,Product 4683,Furniture,877.25,1253.22
P04684,Product 4684,Electronics,534.97,764.24
P04685,Product 4685,Electronics,302.52,432.17
P04686,Product 4686,Furniture,396.17,565.95
P04687,Product 4687,Electronics,564.86,806.94
P04688,Product 4688,Grocery,1111.07,1587.25
P04689,Product 4689,Clothing,964.62,1378.03
P04690,Product 4690,Clothing,1233.81,1762.59
P04691,Product 4691,Electronics,1308.62,1869.45
P04692,Product 4692,Clothing,1339.98,1914.26
P04693,Product 4693,Grocery,1285.23,1836.05
P04694,Product 4694,Furniture,1223.59,1747.99
P04695,Product 4695,Electronics,1333.28,1904.69
P04696,Product 4696,Electronics,126.87,181.25
P04697,Product 4697,Clothing,137.35,196.22
P04698,Product 4698,Clothing,229.49,327.84
P04699,Product 4699,Electronics,1041.84,1488.34
P04700,Product 4700,Electronics,103.58,147.97
P04701,Product 4701,Clothing,723.89,1034.13
P04702,Product 4702,Grocery,988.32,1411.89
P04703,Product 4703,Clothing,732.61,1046.59
P04704,Product 4704,Clothing,240,342.85
P04705,Product 4705,Clothing,1211.87,1731.24
P04706,Product 4706,Clothing,38.74,55.35
P04707,Product 4707,Clothing,581.71,831.02
P04708,Product 4708,Grocery,1209.63,1728.04
P04709,Product 4709,Furniture,1277.22,1824.6
P04710,Product 4710,Furniture,1149.81,1642.58
P04711,Product 4711,Electronics,341.89,488.42
P04712,Product 4712,Clothing,992.67,1418.1
P04713,Product 4713,Furniture,28.15,40.22
P04714,Product 4714,Clothing,1113.92,1591.32
P04715,Product 4715,Grocery,1140.5,1629.29
P04716,Product 4716,Electronics,174.16,248.8
P04717,Product 4717,Clothing,1162.29,1660.41
P04718,Product 4718,Electronics,12.77,18.24
P04719,Product 4719,Clothing,531.05,758.65
P04720,Product 4720,Electronics,425.1,607.28
P04721,Product 4721,Grocery,11.58,16.55
P04722,Product 4722,Grocery,1397.13,1995.9
P04723,Product 4723,Clothing,1177.47,1682.1
P04724,Product 4724,Grocery,832.96,1189.94
P04725,Product 4725,Clothing,128.1,183
P04726,Product 4726,Furniture,971.49,1387.84
P04727,Product 4727,Furniture,1113.5,1590.71
P04728,Product 4728,Electronics,272.77,389.67
P04729,Product 4729,Electronics,1115.9,1594.15
P04730,Product 4730,Grocery,1306.96,1867.08
P04731,Product 4731,Grocery,258.64,369.49
P04732,Product 4732,Clothing,1174.1,1677.28
P04733,Product 4733,Furniture,498.54,712.2
P04734,Product 4734,Electronics,469.74,671.06
P04735,Product 4735,Grocery,656.88,938.4
P04736,Product 4736,Furniture,1228.56,1755.09
P04737,Product 4737,Grocery,861.75,1231.07
P04738,Product 4738,Grocery,453.42,647.75
P04739,Product 4739,Furniture,609.66,870.95
P04740,Product 4740,Clothing,802.49,1146.42
P04741,Product 4741,Clothing,549.93,785.61
P04742,Product 4742,Electronics,1015.27,1450.39
P04743,Product 4743,Clothing,1083.95,1548.5
P04744,Product 4744,Grocery,489.2,698.86
P04745,Product 4745,Clothing,713.22,1018.89
P04746,Product 4746,Electronics,275.92,394.17
P04747,Product 4747,Clothing,52.65,75.21
P04748,Product 4748,Furniture,292.07,417.24
P04749,Product 4749,Clothing,56.94,81.35
P04750,Product 4750,Electronics,1083.77,1548.24
P04751,Product 4751,Grocery,286.35,409.07
P04752,Product 4752,Electronics,681.32,973.31
P04753,Product 4753,Furniture,1129.41,1613.44
P04754,Product 4754,Clothing,1205.4,1722
P04755,Product 4755,Grocery,692.54,989.34
P04756,Product 4756,Electronics,1373.09,1961.56
P04757,Product 4757,Grocery,685.97,979.95
P04758,Product 4758,Furniture,1060.74,1515.35
P04759,Product 4759,Clothing,1152.63,1646.62
P04760,Product 4760,Electronics,783.18,1118.83
P04761,Product 4761,Furniture,365.49,522.13
P04762,Product 4762,Grocery,284.15,405.93
P04763,Product 4763,Electronics,218.2,311.71
P04764,Product 4764,Clothing,858.34,1226.2
P04765,Product 4765,Grocery,162.72,232.46
P04766,Product 4766,Electronics,620.47,886.39
P04767,Product 4767,Electronics,403.09,575.85
P04768,Product 4768,Clothing,1203.15,1718.78
P04769,Product 4769,Electronics,465.58,665.12
P04770,Product 4770,Clothing,710.47,1014.96
P04771,Product 4771,Electronics,415,592.86
P04772,Product 4772,Grocery,269.73,385.33
P04773,Product 4773,Electronics,116.04,165.77
P04774,Product 4774,Electronics,1159.12,1655.88
P04775,Product 4775,Electronics,1045.14,1493.06
P04776,Product 4776,Furniture,1200.78,1715.4
P04777,Product 4777,Grocery,374.88,535.54
P04778,Product 4778,Grocery,1342.41,1917.73
P04779,Product 4779,Electronics,1271.87,1816.95
P04780,Product 4780,Electronics,48.14,68.77
P04781,Product 4781,Grocery,230.83,329.76
P04782,Product 4782,Clothing,1073.57,1533.67
P04783,Product 4783,Electronics,531.09,758.7
P04784,Product 4784,Electronics,493.51,705.01
P04785,Product 4785,Grocery,1201.7,1716.71
P04786,Product 4786,Grocery,294.8,421.14
P04787,Product 4787,Clothing,581.28,830.4
P04788,Product 4788,Electronics,615.36,879.09
P04789,Product 4789,Clothing,153.37,219.1
P04790,Product 4790,Grocery,145.61,208.01
P04791,Product 4791,Grocery,1100.29,1571.85
P04792,Product 4792,Clothing,972.38,1389.12
P04793,Product 4793,Grocery,830.55,1186.5
P04794,Product 4794,Clothing,1155.66,1650.94
P04795,Product 4795,Furniture,482.92,689.89
P04796,Product 4796,Furniture,315.3,450.43
P04797,Product 4797,Furniture,78.49,112.13
P04798,Product 4798,Furniture,1106.01,1580.01
P04799,Product 4799,Clothing,1105.47,1579.24
P04800,Product 4800,Furniture,261.98,374.26
P04801,Product 4801,Clothing,526.56,752.23
P04802,Product 4802,Electronics,373.55,533.65
P04803,Product 4803,Furniture,451.97,645.67
P04804,Product 4804,Grocery,947.16,1353.09
P04805,Product 4805,Clothing,276.16,394.52
P04806,Product 4806,Electronics,362.28,517.54
P04807,Product 4807,Furniture,388.67,555.24
P04808,Product 4808,Furniture,1058.26,1511.8
P04809,Product 4809,Grocery,840.34,1200.48
P04810,Product 4810,Clothing,1332.38,1903.4
P04811,Product 4811,Grocery,722.57,1032.24
P04812,Product 4812,Furniture,332.58,475.12
P04813,Product 4813,Clothing,579.07,827.24
P04814,Product 4814,Electronics,1279.72,1828.17
P04815,Product 4815,Furniture,1275.04,1821.48
P04816,Product 4816,Furniture,1118.51,1597.87
P04817,Product 4817,Electronics,808.72,1155.32
P04818,Product 4818,Clothing,819.6,1170.86
P04819,Product 4819,Electronics,159.07,227.24
P04820,Product 4820,Furniture,331.79,473.99
P04821,Product 4821,Furniture,1382.27,1974.67
P04822,Product 4822,Electronics,43.35,61.93
P04823,Product 4823,Furniture,464.48,663.55
P04824,Product 4824,Clothing,1095.77,1565.39
P04825,Product 4825,Grocery,499.85,714.07
P04826,Product 4826,Clothing,336.69,480.99
P04827,Product 4827,Grocery,562.49,803.56
P04828,Product 4828,Furniture,1241.21,1773.16
P04829,Product 4829,Grocery,908.59,1297.99
P04830,Product 4830,Clothing,985.65,1408.07
P04831,Product 4831,Grocery,279.59,399.41
P04832,Product 4832,Furniture,626.69,895.27
P04833,Product 4833,Clothing,118.57,169.38
P04834,Product 4834,Furniture,574.18,820.26
P04835,Product 4835,Electronics,818.47,1169.24
P04836,Product 4836,Clothing,127.01,181.44
P04837,Product 4837,Furniture,1165.64,1665.2
P04838,Product 4838,Grocery,286.11,408.73
P04839,Product 4839,Furniture,775.69,1108.13
P04840,Product 4840,Grocery,844.8,1206.86
P04841,Product 4841,Electronics,238.67,340.96
P04842,Product 4842,Furniture,1062.29,1517.56
P04843,Product 4843,Clothing,253.47,362.1
P04844,Product 4844,Clothing,544.07,777.24
P04845,Product 4845,Grocery,550.21,786.01
P04846,Product 4846,Furniture,458.02,654.32
P04847,Product 4847,Clothing,529.1,755.86
P04848,Product 4848,Clothing,590.46,843.52
P04849,Product 4849,Electronics,279.38,399.12
P04850,Product 4850,Electronics,24.7,35.28
P04851,Product 4851,Clothing,868.7,1241
P04852,Product 4852,Grocery,492.57,703.67
P04853,Product 4853,Furniture,774.27,1106.1
P04854,Product 4854,Clothing,338.23,483.18
P04855,Product 4855,Electronics,63.83,91.18
P04856,Product 4856,Furniture,474.03,677.19
P04857,Product 4857,Furniture,1233.06,1761.51
P04858,Product 4858,Grocery,962.78,1375.4
P04859,Product 4859,Clothing,918.19,1311.7
P04860,Product 4860,Furniture,1253.99,1791.41
P04861,Product 4861,Clothing,38.29,54.7
P04862,Product 4862,Electronics,68.15,97.36
P04863,Product 4863,Electronics,448.83,641.19
P04864,Product 4864,Grocery,136.43,194.9
P04865,Product 4865,Electronics,915.51,1307.87
P04866,Product 4866,Electronics,1165.54,1665.06
P04867,Product 4867,Furniture,569.12,813.03
P04868,Product 4868,Furniture,228.19,325.98
P04869,Product 4869,Clothing,1146.56,1637.94
P04870,Product 4870,Grocery,321.68,459.54
P04871,Product 4871,Electronics,1272.17,1817.38
P04872,Product 4872,Grocery,1010.16,1443.09
P04873,Product 4873,Clothing,296.65,423.79
P04874,Product 4874,Furniture,863.93,1234.18
P04875,Product 4875,Clothing,796.56,1137.94
P04876,Product 4876,Clothing,487.08,695.83
P04877,Product 4877,Electronics,987.38,1410.54
P04878,Product 4878,Electronics,419.89,599.85
P04879,Product 4879,Clothing,216.31,309.02
P04880,Product 4880,Electronics,714.1,1020.15
P04881,Product 4881,Electronics,585.48,836.4
P04882,Product 4882,Grocery,412.31,589.02
P04883,Product 4883,Grocery,328.45,469.22
P04884,Product 4884,Electronics,68.31,97.59
P04885,Product 4885,Electronics,1113.35,1590.5
P04886,Product 4886,Electronics,118.93,169.9
P04887,Product 4887,Grocery,753.34,1076.2
P04888,Product 4888,Furniture,1029.91,1471.3
P04889,Product 4889,Electronics,291.77,416.81
P04890,Product 4890,Clothing,1288.95,1841.36
P04891,Product 4891,Furniture,811.53,1159.33
P04892,Product 4892,Furniture,637.57,910.81
P04893,Product 4893,Electronics,630.27,900.38
P04894,Product 4894,Electronics,860.94,1229.91
P04895,Product 4895,Furniture,121.42,173.46
P04896,Product 4896,Grocery,898.73,1283.9
P04897,Product 4897,Electronics,1170.97,1672.82
P04898,Product 4898,Furniture,348.91,498.45
P04899,Product 4899,Clothing,328.72,469.6
P04900,Product 4900,Electronics,107.14,153.06
P04901,Product 4901,Grocery,575.85,822.64
P04902,Product 4902,Electronics,60.43,86.33
P04903,Product 4903,Furniture,1352.34,1931.91
P04904,Product 4904,Furniture,903.39,1290.56
P04905,Product 4905,Electronics,748.27,1068.96
P04906,Product 4906,Grocery,309.13,441.61
P04907,Product 4907,Furniture,1087.56,1553.66
P04908,Product 4908,Furniture,940.16,1343.08
P04909,Product 4909,Furniture,891.48,1273.54
P04910,Product 4910,Grocery,1215.95,1737.07
P04911,Product 4911,Furniture,536.23,766.05
P04912,Product 4912,Furniture,477.1,681.57
P04913,Product 4913,Electronics,1023.12,1461.6
P04914,Product 4914,Furniture,934.13,1334.47
P04915,Product 4915,Clothing,3.82,5.46
P04916,Product 4916,Electronics,329.32,470.46
P04917,Product 4917,Clothing,181.81,259.73
P04918,Product 4918,Furniture,718.2,1026
P04919,Product 4919,Grocery,1319.04,1884.34
P04920,Product 4920,Grocery,326.63,466.62
P04921,Product 4921,Electronics,482,688.57
P04922,Product 4922,Electronics,753.56,1076.52
P04923,Product 4923,Clothing,338.19,483.13
P04924,Product 4924,Furniture,853.11,1218.73
P04925,Product 4925,Electronics,589.07,841.53
P04926,Product 4926,Furniture,1198.84,1712.63
P04927,Product 4927,Clothing,349.24,498.91
P04928,Product 4928,Electronics,1230.82,1758.32
P04929,Product 4929,Furniture,792.59,1132.27
P04930,Product 4930,Furniture,1198.92,1712.74
P04931,Product 4931,Grocery,1140.47,1629.24
P04932,Product 4932,Electronics,1269.51,1813.58
P04933,Product 4933,Furniture,1348.29,1926.13
P04934,Product 4934,Grocery,655.69,936.7
P04935,Product 4935,Furniture,1125.47,1607.82
P04936,Product 4936,Grocery,1000.59,1429.42
P04937,Product 4937,Grocery,396.26,566.09
P04938,Product 4938,Grocery,1238.92,1769.88
P04939,Product 4939,Grocery,1186.49,1694.99
P04940,Product 4940,Furniture,1092.43,1560.62
P04941,Product 4941,Electronics,409.63,585.18
P04942,Product 4942,Electronics,968.23,1383.19
P04943,Product 4943,Grocery,1314.12,1877.32
P04944,Product 4944,Clothing,756.34,1080.48
P04945,Product 4945,Electronics,704,1005.71
P04946,Product 4946,Electronics,1393.96,1991.37
P04947,Product 4947,Electronics,564.97,807.1
P04948,Product 4948,Clothing,270.77,386.81
P04949,Product 4949,Furniture,1073.9,1534.14
P04950,Product 4950,Clothing,291.14,415.92
P04951,Product 4951,Grocery,845.76,1208.23
P04952,Product 4952,Electronics,307.24,438.92
P04953,Product 4953,Electronics,904.69,1292.42
P04954,Product 4954,Grocery,595.71,851.01
P04955,Product 4955,Furniture,296.3,423.29
P04956,Product 4956,Grocery,1278.11,1825.87
P04957,Product 4957,Electronics,1039.46,1484.94
P04958,Product 4958,Electronics,733.68,1048.12
P04959,Product 4959,Clothing,162.75,232.5
P04960,Product 4960,Furniture,496.42,709.17
P04961,Product 4961,Electronics,1391.28,1987.55
P04962,Product 4962,Furniture,411.75,588.21
P04963,Product 4963,Clothing,1042.89,1489.84
P04964,Product 4964,Grocery,593.16,847.37
P04965,Product 4965,Grocery,848.15,1211.65
P04966,Product 4966,Clothing,858.89,1226.98
P04967,Product 4967,Clothing,1275.5,1822.15
P04968,Product 4968,Furniture,421.15,601.64
P04969,Product 4969,Electronics,518.33,740.47
P04970,Product 4970,Clothing,847.64,1210.92
P04971,Product 4971,Grocery,258.76,369.66
P04972,Product 4972,Clothing,391.23,558.9
P04973,Product 4973,Furniture,323.2,461.71
P04974,Product 4974,Clothing,302.51,432.16
P04975,Product 4975,Furniture,279.43,399.18
P04976,Product 4976,Electronics,1305.19,1864.56
P04977,Product 4977,Furniture,10.58,15.12
P04978,Product 4978,Clothing,607.35,867.65
P04979,Product 4979,Electronics,558.41,797.73
P04980,Product 4980,Grocery,634.85,906.93
P04981,Product 4981,Electronics,473.51,676.45
P04982,Product 4982,Grocery,979.8,1399.71
P04983,Product 4983,Grocery,614.24,877.49
P04984,Product 4984,Electronics,239.89,342.7
P04985,Product 4985,Electronics,716.48,1023.54
P04986,Product 4986,Grocery,179.51,256.44
P04987,Product 4987,Furniture,669.82,956.88
P04988,Product 4988,Electronics,511.73,731.05
P04989,Product 4989,Electronics,560.86,801.23
P04990,Product 4990,Furniture,828.3,1183.29
P04991,Product 4991,Grocery,1370.31,1957.59
P04992,Product 4992,Furniture,605.86,865.52
P04993,Product 4993,Clothing,609.07,870.1
P04994,Product 4994,Grocery,1212.36,1731.94
P04995,Product 4995,Grocery,-7,-10
P04996,Product 4996,Electronics,922.3,1317.57
P04997,Product 4997,Electronics,125.05,178.64
P04998,Product 4998,Electronics,1396.18,1994.54
P04999,Product 4999,Grocery,1247.51,1782.16
P05000,Product 5000,Clothing,330.62,472.31
